name,sequence
hsa-let-7a-5p,AACUAUACAACCUACUACCUCA
hsa-let-7a-3p,GAAAGACAGUAGAUUGUAUAG
hsa-let-7a-2-3p,GGAAAGCUAGGAGGCUGUACAG
hsa-let-7b-5p,AACCACACAACCUACUACCUCA
hsa-let-7b-3p,GGGAAGGCAGUAGGUUGUAUAG
hsa-let-7c-5p,AACCAUACAACCUACUACCUCA
hsa-let-7c-3p,GGAAAGCUAGAAGGUUGUACAG
hsa-let-7d-5p,AACUAUGCAACCUACUACCUCU
hsa-let-7d-3p,AGAAAGGCAGCAGGUCGUAUAG
hsa-let-7e-5p,AACUAUACAACCUCCUACCUCA
hsa-let-7e-3p,GGAAAGCUAGGAGGCCGUAUAG
hsa-let-7f-5p,AACUAUACAAUCUACUACCUCA
hsa-let-7f-1-3p,GGGAAGGCAAUAGAUUGUAUAG
hsa-let-7f-2-3p,GGAAAGACAGUAGACUGUAUAG
hsa-miR-15a-5p,CACAAACCAUUAUGUGCUGCUA
hsa-miR-15a-3p,UGAGGCAGCACAAUAUGGCCUG
hsa-miR-16-5p,CGCCAAUAUUUACGUGCUGCUA
hsa-miR-16-1-3p,UCAGCAGCACAGUUAAUACUGG
hsa-miR-17-5p,CUACCUGCACUGUAAGCACUUUG
hsa-miR-17-3p,CUACAAGUGCCUUCACUGCAGU
hsa-miR-18a-5p,CUAUCUGCACUAGAUGCACCUUA
hsa-miR-18a-3p,CCAGAAGGAGCACUUAGGGCAGU
hsa-miR-19a-5p,UGUAGUGCAACUAUGCAAAACU
hsa-miR-19a-3p,UCAGUUUUGCAUAGAUUUGCACA
hsa-miR-19b-1-5p,GCUGGAUGCAAACCUGCAAAACU
hsa-miR-19b-3p,UCAGUUUUGCAUGGAUUUGCACA
hsa-miR-19b-2-5p,UGAAAUGCAAACCUGCAAAACU
hsa-miR-20a-5p,CUACCUGCACUAUAAGCACUUUA
hsa-miR-20a-3p,CUUUAAGUGCUCAUAAUGCAGU
hsa-miR-21-5p,UCAACAUCAGUCUGAUAAGCUA
hsa-miR-21-3p,ACAGCCCAUCGACUGGUGUUG
hsa-miR-22-5p,UAAAGCUUGCCACUGAAGAACU
hsa-miR-22-3p,ACAGUUCUUCAACUGGCAGCUU
hsa-miR-23a-5p,AAAUCCCAUCCCCAGGAACCCC
hsa-miR-23a-3p,GGAAAUCCCUGGCAAUGUGAU
hsa-miR-24-1-5p,ACUGAUAUCAGCUCAGUAGGCA
hsa-miR-24-3p,CUGUUCCUGCUGAACUGAGCCA
hsa-miR-24-2-5p,CUGUGUUUCAGCUCAGUAGGCA
hsa-miR-25-5p,CAAUUGCCCAAGUCUCCGCCU
hsa-miR-25-3p,UCAGACCGAGACAAGUGCAAUG
hsa-miR-26a-5p,AGCCUAUCCUGGAUUACUUGAA
hsa-miR-26a-1-3p,CGUGCAAGUAACCAAGAAUAGG
hsa-miR-26b-5p,ACCUAUCCUGAAUUACUUGAA
hsa-miR-26b-3p,GAGCCAAGUAAUGGAGAACAGG
hsa-miR-27a-5p,UGCUCACAAGCAGCUAAGCCCU
hsa-miR-27a-3p,GCGGAACUUAGCCACUGUGAA
hsa-miR-28-5p,CUCAAUAGACUGUGAGCUCCUU
hsa-miR-28-3p,UCCAGGAGCUCACAAUCUAGUG
hsa-miR-29a-5p,CUGAACACCAAAAGAAAUCAGU
hsa-miR-29a-3p,UAACCGAUUUCAGAUGGUGCUA
hsa-miR-30a-5p,CUUCCAGUCGAGGAUGUUUACA
hsa-miR-30a-3p,GCUGCAAACAUCCGACUGAAAG
hsa-miR-31-5p,AGCUAUGCCAGCAUCUUGCCU
hsa-miR-31-3p,AUGGCAAUAUGUUGGCAUAGCA
hsa-miR-32-5p,UGCAACUUAGUAAUGUGCAAUA
hsa-miR-32-3p,AAAUAUCACACACACUAAAUUG
hsa-miR-33a-5p,UGCAAUGCAACUACAAUGCAC
hsa-miR-33a-3p,GUGAUGCACUGUGGAAACAUUG
hsa-miR-92a-1-5p,AGCAUUGCAACCGAUCCCAACCU
hsa-miR-92a-3p,ACAGGCCGGGACAAGUGCAAUA
hsa-miR-92a-2-5p,GUAAUGCAACAAAUCCCCACCC
hsa-miR-93-5p,CUACCUGCACGAACAGCACUUUG
hsa-miR-93-3p,CGGGAAGUGCUAGCUCAGCAGU
hsa-miR-95-5p,AAUUCAACAGACAUUUAUUGA
hsa-miR-95-3p,UGCUCAAUAAAUACCCGUUGAA
hsa-miR-96-5p,AGCAAAAAUGUGCUAGUGCCAAA
hsa-miR-96-3p,CAUAUUGGCACUGCACAUGAUU
hsa-miR-98-5p,AACAAUACAACUUACUACCUCA
hsa-miR-98-3p,GGGAAAGUAGUAAGUUGUAUAG
hsa-miR-99a-5p,CACAAGAUCGGAUCUACGGGUU
hsa-miR-99a-3p,CAGACCCAUAGAAGCGAGCUUG
hsa-miR-100-5p,CACAAGUUCGGAUCUACGGGUU
hsa-miR-100-3p,CAUACCUAUAGAUACAAGCUUG
hsa-miR-101-5p,AGCAUCAGCACUGUGAUAACUG
hsa-miR-101-3p,UUCAGUUAUCACAGUACUGUA
hsa-miR-29b-1-5p,UCUAAACCACCAUAUGAAACCAGC
hsa-miR-29b-3p,AACACUGAUUUCAAAUGGUGCUA
hsa-miR-29b-2-5p,CUAAGCCACCAUGUGAAACCAG
hsa-miR-103a-2-5p,CAAGGCAGCACUGUAAAGAAGCU
hsa-miR-103a-3p,UCAUAGCCCUGUACAAUGCUGCU
hsa-miR-105-5p,ACCACAGGAGUCUGAGCAUUUGA
hsa-miR-105-3p,UAGCACAUGCUCAAACAUCCGU
hsa-miR-106a-5p,CUACCUGCACUGUAAGCACUUUU
hsa-miR-106a-3p,GUAAGAAGUGCUUACAUUGCAG
hsa-miR-107,UGAUAGCCCUGUACAAUGCUGCU
hsa-miR-16-2-3p,UAAAGCAGCACAGUAAUAUUGG
hsa-miR-192-5p,GGCUGUCAAUUCAUAGGUCAG
hsa-miR-192-3p,CUGUGACCUAUGGAAUUGGCAG
hsa-miR-196a-5p,CCCAACAACAUGAAACUACCUA
hsa-miR-197-5p,CCUCCCACUGCCCUCUCUACCCG
hsa-miR-197-3p,GCUGGGUGGAGAAGGUGGUGAA
hsa-miR-198,GAACCUAUCUCCCCUCUGGACC
hsa-miR-199a-5p,GAACAGGUAGUCUGAACACUGGG
hsa-miR-199a-3p,UAACCAAUGUGCAGACUACUGU
hsa-miR-208a-5p,GUAUAACCCGGGCCAAAAGCUC
hsa-miR-208a-3p,ACAAGCUUUUUGCUCGUCUUAU
hsa-miR-129-5p,GCAAGCCCAGACCGCAAAAAG
hsa-miR-129-1-3p,AUACUUUUUGGGGUAAGGGCUU
hsa-miR-148a-5p,AGUCGGAGUGUCUCAGAACUUU
hsa-miR-148a-3p,ACAAAGUUCUGUAGUGCACUGA
hsa-miR-30c-5p,GCUGAGAGUGUAGGAUGUUUACA
hsa-miR-30c-2-3p,AGAGUAAACAGCCUUCUCCCAG
hsa-miR-30d-5p,CUUCCAGUCGGGGAUGUUUACA
hsa-miR-30d-3p,GCAGCAAACAUCUGACUGAAAG
hsa-miR-139-5p,ACUGGAGACACGUGCACUGUAGA
hsa-miR-139-3p,ACUCCAACAGGGCCGCGUCUCCA
hsa-miR-147a,GCAGAAGCAUUUCCACACAC
hsa-miR-7-5p,ACAACAAAAUCACUAGUCUUCCA
hsa-miR-7-1-3p,UAUGGCAGACUGUGAUUUGUUG
hsa-miR-7-2-3p,UUAGGUAGACUGGGAUUUGUUG
hsa-miR-10a-5p,CACAAAUUCGGAUCUACAGGGUA
hsa-miR-10a-3p,UAUUCCCCUAGAUACGAAUUUG
hsa-miR-10b-5p,CACAAAUUCGGUUCUACAGGGUA
hsa-miR-10b-3p,AUUCCCCUAGAAUCGAAUCUGU
hsa-miR-34a-5p,ACAACCAGCUAAGACACUGCCA
hsa-miR-34a-3p,AGGGCAGUAUACUUGCUGAUUG
hsa-miR-181a-5p,ACUCACCGACAGCGUUGAAUGUU
hsa-miR-181a-2-3p,GGUACAGUCAACGGUCAGUGGU
hsa-miR-181b-5p,ACCCACCGACAGCAAUGAAUGUU
hsa-miR-181b-3p,UUGCAUUCAUUGUUCAGUGAG
hsa-miR-181c-5p,ACUCACCGACAGGUUGAAUGUU
hsa-miR-181c-3p,GUCCACUCAACGGUCGAUGGUU
hsa-miR-182-5p,AGUGUGAGUUCUACCAUUGCCAAA
hsa-miR-182-3p,UAGUUGGCAAGUCUAGAACCA
hsa-miR-183-5p,AGUGAAUUCUACCAGUGCCAUA
hsa-miR-183-3p,UUAUGGCCCUUCGGUAAUUCAC
hsa-miR-187-5p,GCCCGGGUCCUGUGUUGUAGCC
hsa-miR-187-3p,CCGGCUGCAACACAAGACACGA
hsa-miR-196a-3p,CUCAGGCAGUUUCUUGUUGCCG
hsa-miR-199b-5p,GAACAGAUAGUCUAAACACUGGG
hsa-miR-199b-3p,UAACCAAUGUGCAGACUACUGU
hsa-miR-203a-5p,AACUGUUGAACUGUUAAGAACCACU
hsa-miR-203a-3p,CUAGUGGUCCUAAACAUUUCAC
hsa-miR-204-5p,AGGCAUAGGAUGACAAAGGGAA
hsa-miR-204-3p,ACGUCCCUUUGCCUUCCCAGC
hsa-miR-205-5p,CAGACUCCGGUGGAAUGAAGGA
hsa-miR-205-3p,GAACUUCACUCCACUGAAAUC
hsa-miR-210-5p,CAGUGUGCGGUGGGCAGGGGCU
hsa-miR-210-3p,UCAGCCGCUGUCACACGCACAG
hsa-miR-211-5p,AGGCGAAGGAUGACAAAGGGAA
hsa-miR-211-3p,GCACCCCUUUGCUGUCCCUGC
hsa-miR-212-5p,AGUAAGCAGUCUAGAGCCAAGGU
hsa-miR-212-3p,GGCCGUGACUGGAGACUGUUA
hsa-miR-181a-3p,GGUACAAUCAACGGUCGAUGGU
hsa-miR-214-5p,GCACAGCAAGUGUAGACAGGCA
hsa-miR-214-3p,ACUGCCUGUCUGUGCCUGCUGU
hsa-miR-215-5p,GUCUGUCAAUUCAUAGGUCAU
hsa-miR-215-3p,UAUUGGCCUAAAGAAAUGACAGA
hsa-miR-216a-5p,UCACAGUUGCCAGCUGAGAUUA
hsa-miR-216a-3p,AUAAUCCCAGAGACCACUGUGA
hsa-miR-217,UCCAAUCAGUUCCUGAUGCAGUA
hsa-miR-218-5p,ACAUGGUUAGAUCAAGCACAA
hsa-miR-218-1-3p,CCAUGGUGCUUGACGGAACCAU
hsa-miR-218-2-3p,CGCGGUGCUUGACAGAACCAUG
hsa-miR-219a-5p,AGAAUUGCGUUUGGACAAUCA
hsa-miR-219a-1-3p,CGGGACGUCCAGACUCAACUCU
hsa-miR-221-5p,AAAUCUACAUUGUAUGCCAGGU
hsa-miR-221-3p,GAAACCCAGCAGACAAUGUAGCU
hsa-miR-222-5p,AGGAUCUACACUGGCUACUGAG
hsa-miR-222-3p,ACCCAGUAGCCAGAUGUAGCU
hsa-miR-223-5p,AACUCAGCUUGUCAAAUACACG
hsa-miR-223-3p,UGGGGUAUUUGACAAACUGACA
hsa-miR-224-5p,AACGGAACCACUAGUGACUUG
hsa-miR-224-3p,UGUAGUCACUAGGGCACCAUUUU
hsa-miR-200b-5p,UCCAAUGCUGCCCAGUAAGAUG
hsa-miR-200b-3p,UCAUCAUUACCAGGCAGUAUUA
hsa-let-7g-5p,AACUGUACAAACUACUACCUCA
hsa-let-7g-3p,GCAAGGCAGUGGCCUGUACAG
hsa-let-7i-5p,AACAGCACAAACUACUACCUCA
hsa-let-7i-3p,AGCAAGGCAGUAGCUUGCGCAG
hsa-miR-1-3p,AUACAUACUUCUUUACAUUCCA
hsa-miR-15b-5p,UGUAAACCAUGAUGUGCUGCUA
hsa-miR-15b-3p,UAGAGCAGCAAAUAAUGAUUCG
hsa-miR-23b-5p,AAAUCAGCAUGCCAGGAACCCA
hsa-miR-23b-3p,GGUAAUCCCUGGCAAUGUGAU
hsa-miR-27b-5p,GUUCACCAAUCAGCUAAGCUCU
hsa-miR-27b-3p,GCAGAACUUAGCCACUGUGAA
hsa-miR-30b-5p,AGCUGAGUGUAGGAUGUUUACA
hsa-miR-30b-3p,GAAGUAAACAUCCACCUCCCAG
hsa-miR-122-5p,CAAACACCAUUGUCACACUCCA
hsa-miR-122-3p,UAUUUAGUGUGAUAAUGGCGUU
hsa-miR-124-5p,AUCAAGGUCCGCUGUGAACACG
hsa-miR-124-3p,GGCAUUCACCGCGUGCCUUA
hsa-miR-125b-5p,UCACAAGUUAGGGUCUCAGGGA
hsa-miR-125b-1-3p,AGCUCCCAAGAGCCUAACCCGU
hsa-miR-128-1-5p,UCUCAGACAGUGCUACGGCCCCG
hsa-miR-128-3p,AAAGAGACCGGUUCACUGUGA
hsa-miR-130a-5p,GCAGACAGUAGCACAAUGUGAA
hsa-miR-130a-3p,AUGCCCUUUUAACAUUGCACUG
hsa-miR-132-5p,AGUAACAAUCGAAAGCCACGGU
hsa-miR-132-3p,CGACCAUGGCUGUAGACUGUUA
hsa-miR-133a-5p,AUUUGGUUCCAUUUUACCAGCU
hsa-miR-133a-3p,CAGCUGGUUGAAGGGGACCAAA
hsa-miR-135a-5p,UCACAUAGGAAUAAAAAGCCAUA
hsa-miR-135a-3p,CGCCACGGCUCCAAUCCCUAUA
hsa-miR-137,CUACGCGUAUUCUUAAGCAAUAA
hsa-miR-138-5p,CGGCCUGAUUCACAACACCAGCU
hsa-miR-138-2-3p,AACCCUGGUGUCGUGAAAUAGC
hsa-miR-140-5p,CUACCAUAGGGUAAAACCACUG
hsa-miR-140-3p,CCGUGGUUCUACCCUGUGGUA
hsa-miR-141-5p,UCCAACACUGUACUGGAAGAUG
hsa-miR-141-3p,CCAUCUUUACCAGACAGUGUUA
hsa-miR-142-5p,AGUAGUGCUUUCUACUUUAUG
hsa-miR-142-3p,UCCAUAAAGUAGGAAACACUACA
hsa-miR-143-5p,ACCAGAGAUGCAGCACUGCACC
hsa-miR-143-3p,GAGCUACAGUGCUUCAUCUCA
hsa-miR-144-5p,CUUACAGUAUAUGAUGAUAUCC
hsa-miR-144-3p,AGUACAUCAUCUAUACUGUA
hsa-miR-145-5p,AGGGAUUCCUGGGAAAACUGGAC
hsa-miR-145-3p,AGAACAGUAUUUCCAGGAAUCC
hsa-miR-152-5p,AGUCGGAGUGUAUCACAGAACCU
hsa-miR-152-3p,CCAAGUUCUGUCAUGCACUGA
hsa-miR-153-3p,GAUCACUUUUGUGACUAUGCAA
hsa-miR-153-5p,AGCUGCAACAUCACAAAAAUGA
hsa-miR-191-5p,CAGCUGCUUUUGGGAUUCCGUUG
hsa-miR-191-3p,GGGGACGAAAUCCAAGCGCAGC
hsa-miR-9-5p,UCAUACAGCUAGAUAACCAAAGA
hsa-miR-9-3p,ACUUUCGGUUAUCUAGCUUUAU
hsa-miR-125a-5p,UCACAGGUUAAAGGGUCUCAGGGA
hsa-miR-125a-3p,GGCUCCCAAGAACCUCACCUGU
hsa-miR-125b-2-3p,GUCCCAAGAGCCUGACUUGUGA
hsa-miR-126-5p,CGCGUACCAAAAGUAAUAAUG
hsa-miR-126-3p,CGCAUUAUUACUCACGGUACGA
hsa-miR-127-5p,AUCAGAGCCCUCUGAGCUUCAG
hsa-miR-127-3p,AGCCAAGCUCAGACGGAUCCGA
hsa-miR-129-2-3p,AUGCUUUUUGGGGUAAGGGCUU
hsa-miR-134-5p,CCCCUCUGGUCAACCAGUCACA
hsa-miR-134-3p,UUGGUGACUAGGUGGCCCACAGG
hsa-miR-136-5p,UCCAUCAUCAAAACAAAUGGAGU
hsa-miR-136-3p,AGACUCAUUUGAGACGAUGAUG
hsa-miR-138-1-3p,GGCCCUGGUGUUGUGAAGUAGC
hsa-miR-146a-5p,AACCCAUGGAAUUCAGUUCUCA
hsa-miR-146a-3p,CUGAAGAACUGAAUUUCAGAGG
hsa-miR-149-5p,GGGAGUGAAGACACGGAGCCAGA
hsa-miR-149-3p,GCACAGCCCCCGUCCCUCCCU
hsa-miR-150-5p,CACUGGUACAAGGGUUGGGAGA
hsa-miR-150-3p,CUGUCCCCCAGGCCUGUACCAG
hsa-miR-154-5p,CGAAGGCAACACGGAUAACCUA
hsa-miR-154-3p,AAUAGGUCAACCGUGUAUGAUU
hsa-miR-184,ACCCUUAUCAGUUCUCCGUCCA
hsa-miR-185-5p,UCAGGAACUGCCUUUCUCUCCA
hsa-miR-185-3p,GACCAGAGGAAAGCCAGCCCCU
hsa-miR-186-5p,AGCCCAAAAGGAGAAUUCUUUG
hsa-miR-186-3p,CCCAAAAAAUUCACCUUUGGGC
hsa-miR-188-5p,CCCUCCACCAUGCAAGGGAUG
hsa-miR-188-3p,UGCAAACCCUGCAUGUGGGAG
hsa-miR-190a-5p,ACCUAAUAUAUCAAACAUAUCA
hsa-miR-190a-3p,AGGAAUAUGUUUGAUAUAUAG
hsa-miR-193a-5p,UCAUCUCGCCCGCAAAGACCCA
hsa-miR-193a-3p,ACUGGGACUUUGUAGGCCAGUU
hsa-miR-194-5p,UCCACAUGGAGUUGCUGUUACA
hsa-miR-195-5p,GCCAAUAUUUCUGUGCUGCUA
hsa-miR-195-3p,GGAGCAGCACAGCCAAUAUUGG
hsa-miR-206,CCACACACUUCCUUACAUUCCA
hsa-miR-320a,UCGCCCUCUCAACCCAGCUUUU
hsa-miR-200c-5p,CCAAACACUGCUGGGUAAGACG
hsa-miR-200c-3p,UCCAUCAUUACCCGGCAGUAUUA
hsa-miR-1-5p,AUGGGCAUAUAAAGAAGUAUGU
hsa-miR-155-5p,ACCCCUAUCACGAUUAGCAUUAA
hsa-miR-155-3p,UGUUAAUGCUAAUAUGUAGGAG
hsa-miR-181b-2-3p,UGCAUUCAUUGAUCAGUGAG
hsa-miR-128-2-5p,UCUCGUACAGUGUAUCGGCCCCC
hsa-miR-194-3p,CAGAUAACAGCAGCCCCACUGG
hsa-miR-106b-5p,AUCUGCACUGUCAGCACUUUA
hsa-miR-106b-3p,GCAGCAAGUACCCACAGUGCGG
hsa-miR-29c-5p,GAACACCAGGAGAAAUCGGUCA
hsa-miR-29c-3p,UAACCGAUUUCAAAUGGUGCUA
hsa-miR-30c-1-3p,GGAGUAAACAACCCUCUCCCAG
hsa-miR-200a-5p,UCCAGCACUGUCCGGUAAGAUG
hsa-miR-200a-3p,ACAUCGUUACCAGACAGUGUUA
hsa-miR-302a-5p,AGCAAGUACAUCCACGUUUAAGU
hsa-miR-302a-3p,UCACCAAAACAUGGAAGCACUUA
hsa-miR-219a-2-3p,ACAGAUGUCCAGCCACAAUUCU
hsa-miR-34b-5p,CAAUCAGCUAAUGACACUGCCUA
hsa-miR-34b-3p,AUGGCAGUGGAGUUAGUGAUUG
hsa-miR-34c-5p,GCAAUCAGCUAACUACACUGCCU
hsa-miR-34c-3p,CCUGGCCGUGUGGUUAGUGAUU
hsa-miR-299-5p,AUGUAUGUGGGACGGUAAACCA
hsa-miR-299-3p,AAGCGGUUUACCAUCCCACAUA
hsa-miR-301a-5p,AGUAGUGCAAUAAAGUCAGAGC
hsa-miR-301a-3p,GCUUUGACAAUACUAUUGCACUG
hsa-miR-99b-5p,CGCAAGGUCGGUUCUACGGGUG
hsa-miR-99b-3p,CGGACCCACAGACACGAGCUUG
hsa-miR-296-5p,ACAGGAUUGAGGGGGGGCCCU
hsa-miR-296-3p,GGAGAGCCUCCACCCAACCCUC
hsa-miR-130b-5p,GUAGUGCAACAGGGAAAGAGU
hsa-miR-130b-3p,AUGCCCUUUCAUCAUUGCACUG
hsa-miR-30e-5p,CUUCCAGUCAAGGAUGUUUACA
hsa-miR-30e-3p,GCUGUAAACAUCCGACUGAAAG
hsa-miR-26a-2-3p,GAAACAAGUAAUCAAGAAUAGG
hsa-miR-361-5p,GUACCCCUGGAGAUUCUGAUAA
hsa-miR-361-3p,AAAUCAGAAUCACACCUGGGGGA
hsa-miR-362-5p,ACUCACACCUAGGUUCCAAGGAUU
hsa-miR-362-3p,UGAAUCCUUGAAUAGGUGUGUU
hsa-miR-363-5p,AAAUUGCAUCGUGAUCCACCCG
hsa-miR-363-3p,UACAGAUGGAUACCGUGCAAUU
hsa-miR-365a-5p,CACAUCUGCCCCCAAAAGUCCCU
hsa-miR-365a-3p,AUAAGGAUUUUUAGGGGCAUUA
hsa-miR-365b-5p,ACAGCUGCCCCUGAAAGUCCCU
hsa-miR-365b-3p,AUAAGGAUUUUUAGGGGCAUUA
hsa-miR-302b-5p,GAAAGCACUUCCAUGUUAAAGU
hsa-miR-302b-3p,CUACUAAAACAUGGAAGCACUUA
hsa-miR-302c-5p,CAGCAGGUACCCCCAUGUUAAA
hsa-miR-302c-3p,CCACUGAAACAUGGAAGCACUUA
hsa-miR-302d-5p,GCAAGUGCCUCCAUGUUAAAGU
hsa-miR-302d-3p,ACACUCAAACAUGGAAGCACUUA
hsa-miR-367-5p,AGAGUUGCAUAUUAGCAACAGU
hsa-miR-367-3p,UCACCAUUGCUAAAGUGCAAUU
hsa-miR-376c-5p,AACAUAGAAGGAAUAUCCACC
hsa-miR-376c-3p,ACGUGGAAUUUCCUCUAUGUU
hsa-miR-369-5p,GCGAAUAUAACACGGUCGAUCU
hsa-miR-369-3p,AAAGAUCAACCAUGUAUUAUU
hsa-miR-370-5p,GUAACUGCAGAGACGUGACCUG
hsa-miR-370-3p,ACCAGGUUCCACCCCAGCAGGC
hsa-miR-371a-5p,AGUGCCCCCACAGUUUGAGU
hsa-miR-371a-3p,ACACUCAAAAGAUGGCGGCACUU
hsa-miR-372-5p,AGAAUAGUGCUCCACAUUUGAGG
hsa-miR-372-3p,ACGCUCAAAUGUCGCAGCACUUU
hsa-miR-373-5p,GGAAAGCGCCCCCAUUUUGAGU
hsa-miR-373-3p,ACACCCCAAAAUCGAAGCACUUC
hsa-miR-374a-5p,CACUUAUCAGGUUGUAUUAUAA
hsa-miR-374a-3p,AAUUACAAUACAAUCUGAUAAG
hsa-miR-375,UCACGCGAGCCGAACGAACAAA
hsa-miR-376a-5p,UACUCAUAGAAGGAGAAUCUAC
hsa-miR-376a-3p,ACGUGGAUUUUCCUCUAUGAU
hsa-miR-377-5p,GAAUUCACCAAGGGCAACCUCU
hsa-miR-377-3p,ACAAAAGUUGCCUUUGUGUGAU
hsa-miR-378a-5p,ACACAGGACCUGGAGUCAGGAG
hsa-miR-378a-3p,GCCUUCUGACUCCAAGUCCAGU
hsa-miR-379-5p,CCUACGUUCCAUAGUCUACCA
hsa-miR-379-3p,AGUUAGUGGACCAUGUUACAUA
hsa-miR-380-5p,GCGCAUGUUCUAUGGUCAACCA
hsa-miR-380-3p,AAGAUGUGGACCAUAUUACAUA
hsa-miR-381-5p,AUAUACAAAGGGCAACCUCGCU
hsa-miR-381-3p,ACAGAGAGCUUGCCCUUGUAUA
hsa-miR-382-5p,CGAAUCCACCACGAACAACUUC
hsa-miR-382-3p,AAGUGUUGUCCGUGAAUGAUU
hsa-miR-383-5p,AGCCACAAUCACCUUCUGAUCU
hsa-miR-383-3p,UCUGACCAGGCAGUGCUGU
hsa-miR-340-5p,AAUCAGUCUCAUUGCUUUAUAA
hsa-miR-340-3p,GCUAUAAAGUAACUGAGACGGA
hsa-miR-330-5p,GCCUAAGACACAGGCCCAGAGA
hsa-miR-330-3p,UCUCUGCAGGCCGUGUGCUUUGC
hsa-miR-328-5p,CCCUGAGCCCCUCCUGCCCCCCC
hsa-miR-328-3p,ACGGAAGGGCAGAGAGGGCCAG
hsa-miR-342-5p,UCAAUCACAGAUAGCACCCCU
hsa-miR-342-3p,ACGGGUGCGAUUUCUGUGUGAGA
hsa-miR-337-5p,AACUCCUGUAUGAAGCCGUUC
hsa-miR-337-3p,GAAGAAAGGCAUCAUAUAGGAG
hsa-miR-323a-5p,GCGAACGCGCCACGGACCACCU
hsa-miR-323a-3p,AGAGGUCGACCGUGUAAUGUG
hsa-miR-326,CUGGAGGAAGGGCCCAGAGG
hsa-miR-151a-5p,ACUAGACUGUGAGCUCCUCGA
hsa-miR-151a-3p,CCUCAAGGAGCUUCAGUCUAG
hsa-miR-135b-5p,UCACAUAGGAAUGAAAAGCCAUA
hsa-miR-135b-3p,CCCAUGGCUUUUAGCCCUACAU
hsa-miR-148b-5p,GCCUGAGUGUAUAACAGAACUU
hsa-miR-148b-3p,ACAAAGUUCUGUGAUGCACUGA
hsa-miR-331-5p,GGAUCCCUGGGACCAUACCUAG
hsa-miR-331-3p,UUCUAGGAUAGGCCCAGGGGC
hsa-miR-324-5p,ACACCAAUGCCCUAGGGGAUGCG
hsa-miR-324-3p,CCAGCAGCACCUGGGGCAGU
hsa-miR-338-5p,CACUCAGCACCAGGAUAUUGUU
hsa-miR-338-3p,CAACAAAAUCACUGAUGCUGGA
hsa-miR-339-5p,CGUGAGCUCCUGGAGGACAGGGA
hsa-miR-339-3p,CGGCUCUGUCGUCGAGGCGCUCA
hsa-miR-335-5p,ACAUUUUUCGUUAUUGCUCUUGA
hsa-miR-335-3p,GGUCAGGAGCAAUAAUGAAAAA
hsa-miR-133b,UAGCUGGUUGAAGGGGACCAAA
hsa-miR-325,ACACUUACUGGACACCUACUAGG
hsa-miR-345-5p,GAGCCCUGGACUAGGAGUCAGC
hsa-miR-345-3p,CUCCAGACCCCUCGUUCAGGGC
hsa-miR-346,AGAGGCAGGCAUGCGGGCAGACA
hsa-miR-384,UAUGAACAAUUUCUAGGAAU
hsa-miR-196b-5p,CCCAACAACAGGAAACUACCUA
hsa-miR-196b-3p,GAAGGCAGUGUCGUGCUGUCGA
hsa-miR-422a,GCCUUCUGACCCUAAGUCCAGU
hsa-miR-423-5p,AAAGUCUCGCUCUCUGCCCCUCA
hsa-miR-423-3p,ACUGAGGGGCCUCAGACCGAGCU
hsa-miR-424-5p,UUCAAAACAUGAAUUGCUGCUG
hsa-miR-424-3p,AUAGCAGCGCCUCACGUUUUG
hsa-miR-425-5p,UCAACGGGAGUGAUCGUGUCAUU
hsa-miR-425-3p,GGGCGGACACGACAUUCCCGAU
hsa-miR-18b-5p,CUAACUGCACUAGAUGCACCUUA
hsa-miR-18b-3p,GCCAGAAGGGGCAUUUAGGGCA
hsa-miR-20b-5p,CUACCUGCACUAUGAGCACUUUG
hsa-miR-20b-3p,CUGGAAGUGCCCAUACUACAGU
hsa-miR-448,AUGGGACAUCCUACAUAUGCAA
hsa-miR-429,ACGGUUUUACCAGACAGUAUUA
hsa-miR-449a,ACCAGCUAACAAUACACUGCCA
hsa-miR-450a-5p,AUAUUAGGAACACAUCGCAAAA
hsa-miR-450a-1-3p,AUACAUGCAAAAUGUUCCCAAU
hsa-miR-431-5p,UGCAUGACGGCCUGCAAGACA
hsa-miR-431-3p,AGAAGCCCUGCAAGACGACCUG
hsa-miR-433-5p,GAAUAAUGACAGGCUCACCGUA
hsa-miR-433-3p,ACACCGAGGAGCCCAUCAUGAU
hsa-miR-329-5p,GAAACAGAAACCCAGAAAACCUC
hsa-miR-329-3p,AAAGAGGUUAACCAGGUGUGUU
hsa-miR-451a,AACUCAGUAAUGGUAACGGUUU
hsa-miR-452-5p,UCAGUUUCCUCUGCAAACAGUU
hsa-miR-452-3p,CACUUACUUCUUUGCAGAUGAG
hsa-miR-409-5p,AUGCAAAGUUGCUCGGGUAACCU
hsa-miR-409-3p,AGGGGUUCACCGAGCAACAUUC
hsa-miR-412-5p,AUUACUUUCCAACUGGUCGACCA
hsa-miR-412-3p,ACGGCUAGUGGACCAGGUGAAGU
hsa-miR-410-5p,CGAACUCAUCACAGACAACCU
hsa-miR-410-3p,ACAGGCCAUCUGUGUUAUAUU
hsa-miR-376b-5p,AAACAUAGAAGGAAUAUCCACG
hsa-miR-376b-3p,AACAUGGAUUUUCCUCUAUGAU
hsa-miR-483-5p,CUCCCUUCUUUCCUCCCGUCUU
hsa-miR-483-3p,AAGACGGGAGGAGAGGAGUGA
hsa-miR-484,AUCGGGAGGGGACUGAGCCUGA
hsa-miR-485-5p,GAAUUCAUCACGGCCAGCCUCU
hsa-miR-485-3p,AGAGAGGAGAGCCGUGUAUGAC
hsa-miR-486-5p,CUCGGGGCAGCUCAGUACAGGA
hsa-miR-486-3p,AUCCUGUACUGAGCUGCCCCG
hsa-miR-487a-5p,CGAACACAGCAGGGAUAACCAC
hsa-miR-487a-3p,AACUGGAUGUCCCUGUAUGAUU
hsa-miR-488-5p,UUGAGAGUGCCAUUAUCUGGG
hsa-miR-488-3p,GACCAAGAAAUAGCCUUUCAA
hsa-miR-489-5p,AAAUGGCGUCACACAUACGACC
hsa-miR-489-3p,GCUGCCGUAUAUGUGAUGUCAC
hsa-miR-490-5p,ACCCACCUGGAGAUCCAUGG
hsa-miR-490-3p,CAGCAUGGAGUCCUCCAGGUUG
hsa-miR-491-5p,CCUCAUGGAAGGGUUCCCCACU
hsa-miR-491-3p,GUAGAAGGGAAUCUUGCAUAAG
hsa-miR-511-5p,UGACUGCAGAGCAAAAGACAC
hsa-miR-511-3p,UCUGUCUUUUGCUACACAUU
hsa-miR-146b-5p,AGCCUAUGGAAUUCAGUUCUCA
hsa-miR-146b-3p,CCAGAACUGAGUCCACAGGGCA
hsa-miR-202-5p,CAAAGAAGUAUAUGCAUAGGAA
hsa-miR-202-3p,UUCCCAUGCCCUAUACCUCU
hsa-miR-492,AAGAAUCUUGUCCCGCAGGUCCU
hsa-miR-493-5p,AAUGAAAGCCUACCAUGUACAA
hsa-miR-493-3p,CCUGGCACACAGUAGACCUUCA
hsa-miR-432-5p,CCACCCAAUGACCUACUCCAAGA
hsa-miR-432-3p,AGACAUGGAGGAGCCAUCCAG
hsa-miR-494-5p,AGAGAAGACAACACGGACAACCU
hsa-miR-494-3p,GAGGUUUCCCGUGUAUGUUUCA
hsa-miR-495-5p,CGAAAAUAACAUGGGCAACUUC
hsa-miR-495-3p,AAGAAGUGCACCAUGUUUGUUU
hsa-miR-496,GAGAUUGGCCAUGUAAUACUCA
hsa-miR-193b-5p,UCAUCUCGCCCUCAAAACCCCG
hsa-miR-193b-3p,AGCGGGACUUUGAGGGCCAGUU
hsa-miR-497-5p,ACAAACCACAGUGUGCUGCUG
hsa-miR-497-3p,UCUAACACCACAGUGUGGUUUG
hsa-miR-181d-5p,ACCCACCGACAACAAUGAAUGUU
hsa-miR-181d-3p,GUGACAUUCAUCCCCCGGUGG
hsa-miR-512-5p,GAAAGUGCCCUCAAGGCUGAGUG
hsa-miR-512-3p,GACCUCAGCUAUGACAGCACUU
hsa-miR-498,GAAAAACGCCCCCUGGCUUGAAA
hsa-miR-520e,CCCUCAAAAAGGAAGCACUUU
hsa-miR-515-5p,CAGAAAGUGCUUUCUUUUGGAGAA
hsa-miR-515-3p,AACGCUCCAAAAGAAGGCACUC
hsa-miR-519e-5p,GAAAGUGCUCCCUUUUGGAGAA
hsa-miR-519e-3p,AACACUCUAAAAGGAGGCACUU
hsa-miR-520f-5p,AGAAAGCGCUUCCCUUUAGAGG
hsa-miR-520f-3p,AACCCUCUAAAAGGAAGCACUU
hsa-miR-519c-5p,CAGAAAGCGCUUCCCUCUAGAG
hsa-miR-519c-3p,AUCCUCUAAAAAGAUGCACUUU
hsa-miR-520a-5p,AGAAAGUACUUCCCUCUGGAG
hsa-miR-520a-3p,ACAGUCCAAAGGGAAGCACUUU
hsa-miR-526b-5p,ACAGAAAGUGCUUCCCUCAAGAG
hsa-miR-526b-3p,GCCUCUAAAAGGAAGCACUUUC
hsa-miR-519b-5p,CAGAAAGCGCUUCCCUCUAGAG
hsa-miR-519b-3p,AACCUCUAAAAGGAUGCACUUU
hsa-miR-525-5p,AGAAAGUGCAUCCCUCUGGAG
hsa-miR-525-3p,CGCUCUAAAGGGAAGCGCCUUC
hsa-miR-523-5p,CAGAAAGCGCUUCCCUCUAGAG
hsa-miR-523-3p,ACCCUCUAUAGGGAAGCGCGUUC
hsa-miR-518f-5p,GAGAAAGUGCUUCCCUCUAGAG
hsa-miR-518f-3p,CCUCUAAAGAGAAGCGCUUUC
hsa-miR-520b,CCCUCUAAAAGGAAGCACUUU
hsa-miR-518b,ACCUCUAAAGGGGAGCGCUUUG
hsa-miR-526a,CAGAAAGUGCUUCCCUCUAGAG
hsa-miR-520c-5p,CAGAAAGUGCUUCCCUCUAGAG
hsa-miR-520c-3p,ACCCUCUAAAAGGAAGCACUUU
hsa-miR-518c-5p,CAGAAAGUGCUUCCCUCCAGAGA
hsa-miR-518c-3p,ACACUCUAAAGAGAAGCGCUUUG
hsa-miR-524-5p,GAGAAAGUGCUUCCCUUUGUAG
hsa-miR-524-3p,ACUCCAAAGGGAAGCGCCUUC
hsa-miR-517-5p,AGACAGUGCUUCCAUCUAGAGG
hsa-miR-517a-3p,ACACUCUAAAGGGAUGCACGAU
hsa-miR-519d-5p,AACAGAAAGCGCUUCCCUUUGGAGG
hsa-miR-519d-3p,CACUCUAAAGGGAGGCACUUUG
hsa-miR-521,ACACUCUAAAGGGAAGUGCGUU
hsa-miR-520d-5p,GAAAGGGCUUCCCUUUGUAG
hsa-miR-520d-3p,ACCCACCAAAGAGAAGCACUUU
hsa-miR-517b-3p,ACACUCUAAAGGGAUGCACGAU
hsa-miR-520g-5p,AAACAGAAAGUGCUUCCUCUAGA
hsa-miR-520g-3p,ACACUCUAAAGGGAAGCACUUUGU
hsa-miR-516b-5p,AAAGUGCUUCUUACCUCCAGAU
hsa-miR-516b-3p,ACCCUCUGAAAGGAAGCA
hsa-miR-518e-5p,CAGAAAGCGCUUCCCUCUAGAG
hsa-miR-518e-3p,CACUCUGAAGGGAAGCGCUUU
hsa-miR-518a-5p,GAAAGGGCUUCCCUUUGCAG
hsa-miR-518a-3p,UCCAGCAAAGGGAAGCGCUUUC
hsa-miR-518d-5p,CAGAAAGUGCUUCCCUCUAGAG
hsa-miR-518d-3p,GCUCCAAAGGGAAGCGCUUUG
hsa-miR-517c-3p,ACACUCUAAAAGGAUGCACGAU
hsa-miR-520h,ACUCUAAAGGGAAGCACUUUGU
hsa-miR-522-5p,CAGAAAGCGCUUCCCUCUAGAG
hsa-miR-522-3p,ACACUCUAAAGGGAACCAUUUU
hsa-miR-519a-5p,CAGAAAGCGCUUCCCUCUAGAG
hsa-miR-519a-3p,ACACUCUAAAAGGAUGCACUUU
hsa-miR-527,GAAAGGGCUUCCCUUUGCAG
hsa-miR-516a-5p,GAAAGUGCUUCUUUCCUCGAGAA
hsa-miR-516a-3p,ACCCUCUGAAAGGAAGCA
hsa-miR-499a-5p,AAACAUCACUGCAAGUCUUAA
hsa-miR-499a-3p,AGCACAGACUUGCUGUGAUGUU
hsa-miR-500a-5p,UCUCACCCAGGUAGCAAGGAUUA
hsa-miR-500a-3p,CAGAAUCCUUGCCCAGGUGCAU
hsa-miR-501-5p,UCUCACCCAGGGACAAAGGAUU
hsa-miR-501-3p,AGAAUCCUUGCCCGGGUGCAUU
hsa-miR-502-5p,UAGCACCCAGAUAGCAAGGAU
hsa-miR-502-3p,UGAAUCCUUGCCCAGGUGCAUU
hsa-miR-450a-2-3p,AUGAAUGCAAAAUGUCCCCAAU
hsa-miR-503-5p,CUGCAGAACUGUUCCCGCUGCUA
hsa-miR-503-3p,CCUGGCAGCGGAAACAAUACCCC
hsa-miR-504-5p,GAUAGAGUGCAGACCAGGGUCU
hsa-miR-504-3p,GAAACCCUGCCCUGCACUCCC
hsa-miR-505-5p,ACAUCAAUACUUCCUGGCUCCC
hsa-miR-505-3p,AGGAAACCAGCAAGUGUUGACG
hsa-miR-513a-5p,AUGACACCUCCCUGUGAA
hsa-miR-513a-3p,CCUUCUCAGAAAGGUGAAAUUUA
hsa-miR-506-5p,UUAAGUAACACCUUCCUGAAUA
hsa-miR-506-3p,UCUACUCAGAAGGGUGCCUUA
hsa-miR-507,UUCACUCCAAAAGGUGCAAAA
hsa-miR-508-5p,CAUGAGUGACGCCCUCUGGAGUA
hsa-miR-508-3p,UCUACUCCAAAAGGCUACAAUCA
hsa-miR-509-5p,UGAUUGCCACUGUCUGCAGUA
hsa-miR-509-3p,CUACCCACAGACGUACCAAUCA
hsa-miR-510-5p,GUGAUUGCCACUCUCCUGAGUA
hsa-miR-510-3p,UCCACUCUUAGAGGUUUCAAU
hsa-miR-514a-5p,CAUGAUUGUCACUCUCCAGAGUA
hsa-miR-514a-3p,UCUACUCACAGAAGUGUCAAU
hsa-miR-532-5p,ACGGUCCUACACUCAAGGCAUG
hsa-miR-532-3p,UGCAAGCCUUGGGUGUGGGAGG
hsa-miR-455-5p,CGAUGUAGUCCAAAGGCACAUA
hsa-miR-455-3p,GUGUAUAUGCCCAUGGACUGC
hsa-miR-539-5p,ACACACCAAGGAUAAUUUCUCC
hsa-miR-539-3p,AAAGAAAUUGUCCUUGUAUGAU
hsa-miR-544a,GAACUUGCUAAAAAUGCAGAAU
hsa-miR-545-5p,UCAUCUAAUAAACAUUUACUGA
hsa-miR-545-3p,GCACACAAUAAAUGUUUGCUGA
hsa-miR-376a-2-5p,ACCAUAGAAGGAAAAUCUACC
hsa-miR-487b-5p,CGAACAGGACAGGGAUAACCAC
hsa-miR-487b-3p,AAGUGGAUGACCCUGUACGAUU
hsa-miR-551a,UGGAAACCAAGAGUGGGUCGC
hsa-miR-552-5p,CCAACAGGCAAAAGGUUAAAC
hsa-miR-552-3p,UUGUCUAACCAGUCACCUGUU
hsa-miR-553,AAAACAAAAUCUCACCGUUUU
hsa-miR-554,ACUGGCUGAGUCAGGACUAGC
hsa-miR-92b-5p,CACUGCACCGCGUCCCGUCCCU
hsa-miR-92b-3p,GGAGGCCGGGACGAGUGCAAUA
hsa-miR-555,AUCAGAGGUUCAGCUUACCCU
hsa-miR-556-5p,CUCAUAUUACAAUGAGCUCAUC
hsa-miR-556-3p,AAAGAUGAGCUAAUGGUAAUAU
hsa-miR-557,AGACAAGGCCCACCCGUGCAAAC
hsa-miR-558,AUUUUGGUACAGCAGCUCA
hsa-miR-559,UUUUGGUGCAUAUUUACUUUA
hsa-miR-561-5p,GGCAAAGUUUAAGAUCCUUGAU
hsa-miR-561-3p,ACUUCAAGGAUCUUAAACUUUG
hsa-miR-562,GCAAAUGGUACAGCUACUUU
hsa-miR-563,GGGAAACGUAUGUCAACCU
hsa-miR-564,GCCUGCUGACACCGUGCCU
hsa-miR-566,GUUGGGAUCACAGGCGCCC
hsa-miR-567,GUUCUGUCCUGGAAGAACAUACU
hsa-miR-568,GUGUGUAUACAUUUAUACAU
hsa-miR-551b-5p,GGUCUCACCCACGCUUGAUUUC
hsa-miR-551b-3p,CUGAAACCAAGUAUGGGUCGC
hsa-miR-569,ACUUUCCAGGAUUCAUUAACU
hsa-miR-570-5p,GGGAAAAACUGCAAUUACCUUU
hsa-miR-570-3p,GCAAAGGUAAUUGCUGUUUUCG
hsa-miR-571,CUCACUCAGAUGGCCAACUCA
hsa-miR-572,UGGGCCACCGCCGAGCGGAC
hsa-miR-573,CUGAUCAGUUACACAUCACUUCAG
hsa-miR-574-5p,ACACACUCACACACACACACUCA
hsa-miR-574-3p,UGUGGGUGUGUGCAUGAGCGUG
hsa-miR-575,GCUCCUGUCCAACUGGCUC
hsa-miR-576-5p,AAAGACGUGGAGAAAUUAGAAU
hsa-miR-576-3p,GAUUCCAAUUUUUCCACAUCUU
hsa-miR-577,CAGGUACCAAUAUUUUAUCUA
hsa-miR-578,ACAAUCCUAGAGCACAAGAAG
hsa-miR-579-5p,CGUCAUCUGGCACAAACCGCGA
hsa-miR-579-3p,AAUCGCGGUUUAUACCAAAUGAA
hsa-miR-580-5p,AUCUGAGUCUGAUGAAUCAUUA
hsa-miR-580-3p,CCUAAUGAUUCAUCAUUCUCAA
hsa-miR-581,ACUGAUCUAGAGAACACAAGA
hsa-miR-582-5p,AGUAACUGGUUGAACAACUGUAA
hsa-miR-582-3p,GGUUCAGUUGUUCAACCAGUUA
hsa-miR-583,GUAAUGGGACCUUCCUCUUUG
hsa-miR-584-5p,CUCAGUCCCAGGCAAACCAUAA
hsa-miR-584-3p,AGCCUGGUUGGCCUGGAACUGA
hsa-miR-585-5p,UCUGGGCGUAUCUGUGUGCUAG
hsa-miR-585-3p,UAGCAUACAGAUACGCCCA
hsa-miR-548a-3p,GCAAAAGUAAUUGCCAGUUUUG
hsa-miR-586,GGACCUAAAAAUACAAUGCAUA
hsa-miR-587,GUGACUCAUCACCUAUGGAAA
hsa-miR-548b-5p,GGCCAAAACCACAAUUACUUUU
hsa-miR-548b-3p,ACAAAAGCAACUGAGGUUCUUG
hsa-miR-588,GUUCUAACCCAUUGUGGCCAA
hsa-miR-589-5p,CUCAGAGCAGACGUGGUUCUCA
hsa-miR-589-3p,UCUGGGAACCGGCAUUUGUUCUGA
hsa-miR-550a-5p,GGGCUCUUACUCCCUCAGGCACU
hsa-miR-550a-3p,AUGUGCCUGAGGGAGUAAGACA
hsa-miR-590-5p,CUGCACUUUUAUGAAUAAGCUC
hsa-miR-590-3p,ACUAGCUUAUACAUAAAAUUA
hsa-miR-591,ACAAUGAGAACCCAUGGUCU
hsa-miR-592,ACAUCAUCGCAUAUUGACACAA
hsa-miR-593-5p,GCUGAGCAAUGCCUGGCUGGUGCCU
hsa-miR-593-3p,AGAAACCCCAGCAGAGACA
hsa-miR-595,AGACACACCACGGCACACUUC
hsa-miR-596,CCCGAGGAGCCGGGCAGGCUU
hsa-miR-597-5p,ACAGUGGUCAUCGAGUGACACA
hsa-miR-597-3p,ACGCUUGAGCCACAAGAGAACCA
hsa-miR-598-5p,GCUCACACCAUCGGGAUCACCGC
hsa-miR-598-3p,UGACGAUGACAACGAUGACGUA
hsa-miR-599,GUUUGAUAAACUGACACAAC
hsa-miR-548a-5p,GGUAAAACUCGCAAUUACUUUU
hsa-miR-600,GAGCAAGGCUCUUGUCUGUAAGU
hsa-miR-601,CUCCUCCAACAAUCCUAGACCA
hsa-miR-602,GGGCCGCAGCUGUCGCCCGUGUC
hsa-miR-603,GCAAAAGUAAUUGCAGUGUGUG
hsa-miR-604,GUCCUGAAUUCCGCAGCCU
hsa-miR-605-5p,AGGAGAAGGCACCAUGGGAUUUA
hsa-miR-605-3p,UCUAAAUCUCAUAGUGCCUUCU
hsa-miR-606,AUCUUUGAUUUUCAGUAGUUU
hsa-miR-607,GUUAUAGAUCUGGAUUUGAAC
hsa-miR-608,ACGGAGCUGUCCCAACACCACCCCU
hsa-miR-609,AGAGAUGAGAGAAACACCCU
hsa-miR-610,UCCCAGCACACAUUUAGCUCA
hsa-miR-611,GUCAGACCCCGAGGGGUCCUCGC
hsa-miR-612,AAGGAGCUCAGAAGCCCUGCCCAGC
hsa-miR-613,GGCAAAGAAGGAACAUUCCU
hsa-miR-614,CCACCUGGCAAGAACAGGCGUUC
hsa-miR-615-5p,GAUCCGAGCACCGGGGACCCCC
hsa-miR-615-3p,AAGAGGGAGACCCAGGCUCGGA
hsa-miR-616-5p,AAGUCACUGAAGGGUUUUGAGU
hsa-miR-616-3p,CUGCUCAAACCCUCCAAUGACU
hsa-miR-548c-5p,GGCAAAAACCGCAAUUACUUUU
hsa-miR-548c-3p,GCAAAAGUAAUUGAGAUUUUUG
hsa-miR-617,GCCACCUUCAAAUGGGAAGUCU
hsa-miR-618,ACUCAGAAGGACAAGUAGAGUUU
hsa-miR-619-5p,GGCUCAUGCCUGUAAUCCCAGC
hsa-miR-619-3p,ACUGGGCACAAACAUGUCCAGGUC
hsa-miR-620,AUUUCUAUAUCUAUCUCCAU
hsa-miR-621,AGGUAAGCGCUGUUGCUAGCC
hsa-miR-622,GCUCCAACCUCAGCAGACUGU
hsa-miR-623,ACCCAACAGCCCCUGCAAGGGAU
hsa-miR-624-5p,UGAACACAAGGUACUGGUACUA
hsa-miR-624-3p,AGGUAAUACCAAUACCUUGUG
hsa-miR-625-5p,GGACUAUAGAACUUUCCCCCU
hsa-miR-625-3p,UGAGGGGGAAAGUUCUAUAGUC
hsa-miR-626,AAGACAUUUUCAGACAGCU
hsa-miR-627-5p,UCCUCUUUUCUUAGAGACUCAC
hsa-miR-627-3p,AGUGAGUCUCAAAGAAAAGA
hsa-miR-628-5p,CCUCUAGUAAAUAUGUCAGCAU
hsa-miR-628-3p,UCGACUGCCACUCUUACUAGA
hsa-miR-629-5p,AGUUCUCCCAACGUAAACCCA
hsa-miR-629-3p,GCUGGGCUUACGUUGGGAGAAC
hsa-miR-630,ACCUUCCCUGGUACAGAAUACU
hsa-miR-631,GCUGAGGUCUGGGCCAGGUCU
hsa-miR-33b-5p,GCAAUGCAACAGCAAUGCAC
hsa-miR-33b-3p,GGGCUGCACUGCCGAGGCACUG
hsa-miR-632,UCCCACAGGAAGCAGACAC
hsa-miR-633,UUUAUUGUGGUAGAUACUAUUAG
hsa-miR-634,GUCCAAAGUUGGGGUGCUGGUU
hsa-miR-635,GGACAUUGUUUCAGUGCCCAAGU
hsa-miR-636,UGCGGGCGGGACGAGCAAGCACA
hsa-miR-637,ACGCAGAGCCCGAAAGCCCCCAGU
hsa-miR-638,AGGCCGCCACCCGCCCGCGAUCCCU
hsa-miR-639,ACAGCGCUCGCAACCGCAGCGAU
hsa-miR-640,AGAGGCAGGUUCCUGGAUCAU
hsa-miR-641,GAGGUGACUCUAUCCUAUGUCUUU
hsa-miR-642a-5p,CAAGACACAUUUGGAGAGGGAC
hsa-miR-642a-3p,GGUUCCCUCUCCAAAUGUGUCU
hsa-miR-643,CUACCUGAGCUAGCAUACAAGU
hsa-miR-644a,GCUCUAAGAAAGCCACACU
hsa-miR-645,UCAGCAGUACCAGCCUAGA
hsa-miR-646,GCCUCAGAGGCAGCUGCUU
hsa-miR-647,GAAGGAAGUGAGUGCAGCCAC
hsa-miR-648,ACCAGUGCCCUGCACACUU
hsa-miR-649,GACUCUUGAACAACACAGGUUU
hsa-miR-650,GUCCUGAGAGCGCUGCCUCCU
hsa-miR-651-5p,CAAAAGUCAAGCUUAUCCUAAA
hsa-miR-651-3p,CUUUUAGGAUACACUUUCCUUU
hsa-miR-652-5p,UGAAUGGCACCCUCUCCUAGGGUUG
hsa-miR-652-3p,CACAACCCUAGUGGCGCCAUU
hsa-miR-548d-5p,GGCAAAAACCACAAUUACUUUU
hsa-miR-548d-3p,GCAAAAGAAACUGUGGUUUUUG
hsa-miR-661,ACGCGCAGGCCAGAGACCCAGGCA
hsa-miR-662,CUGCUGGGCCACAACGUGGGA
hsa-miR-663a,GCGGUCCCGCGGCGCCCCGCCU
hsa-miR-449b-5p,GCCAGCUAACAAUACACUGCCU
hsa-miR-449b-3p,AGUGGCAGGGUAGUUGUGGCUG
hsa-miR-653-5p,CAGUAGAGAUUGUUUCAACAC
hsa-miR-653-3p,UAUUGAAACAAACUCCAGUGAA
hsa-miR-411-5p,CGUACGCUAUACGGUCUACUA
hsa-miR-411-3p,GGUUAGUGGACCGUGUUACAUA
hsa-miR-654-5p,GCACAUGUUCUGCGGCCCACCA
hsa-miR-654-3p,AAGGUGAUGGUCAGCAGACAUA
hsa-miR-655-5p,GAACAUAACACGGAUAACCUCU
hsa-miR-655-3p,AAAGAGGUUAACCAUGUAUUAU
hsa-miR-656-5p,UGAACACCUCACAGGCAACCU
hsa-miR-656-3p,AGAGGUUGACUGUAUAAUAUU
hsa-miR-549a,AGAGCUCAUCCAUAGUUGUCA
hsa-miR-657,CCUAGAGAGGGUGAGAACCUGCC
hsa-miR-658,ACCAACGGACCUACUUCCCUCCGCC
hsa-miR-659-5p,UCCUUGGUUCAGGGAAGGUCCU
hsa-miR-659-3p,UGGGGACCCUCCCUGAACCAAG
hsa-miR-660-5p,CAACUCCGAUAUGCAAUGGGUA
hsa-miR-660-3p,UAAUCCAUGCACACAGGAGGU
hsa-miR-421,GCGCCCAAUUAAUGUCUGUUGAU
hsa-miR-542-5p,UCUCGUGACAUGAUGAUCCCCGA
hsa-miR-542-3p,UUUCAGUUAUCAAUCUGUCACA
hsa-miR-758-5p,GUGUGCUCUCUGGUCAACCAUC
hsa-miR-758-3p,GGUUAGUGGACCAGGUCACAAA
hsa-miR-1264,AACAGGUGCUCAAAUAAGACUUG
hsa-miR-671-5p,CUCCAGCCCCUCCAGGGCUUCCU
hsa-miR-671-3p,GGUGGAGCCCUGAGAACCGGA
hsa-miR-668-5p,CAUGCUCACCCGAGGCGCA
hsa-miR-668-3p,GUAGUGGGCCGAGCCGAGUGACA
hsa-miR-550a-3-5p,CUCUUACUCCCUCAGGCACU
hsa-miR-767-5p,CAUGCUCAGACAACCAUGGUGCA
hsa-miR-767-3p,AGAAACCAUGGGGUAUGAGCAGA
hsa-miR-1224-5p,CCACCUCCCGAGUCCUCAC
hsa-miR-1224-3p,CUGAGGAGAGAGGAGGUGGGG
hsa-miR-151b,AGACUGUGAGCUCCUCGA
hsa-miR-320b,UUGCCCUCUCAACCCAGCUUUU
hsa-miR-320c,ACCCUCUCAACCCAGCUUUU
hsa-miR-1296-5p,GGAGAUGGAGCCAGGGCCCUAA
hsa-miR-1296-3p,GGUUAGGGUCGAAGCCCCACUC
hsa-miR-1468-5p,CAGCGAAACAGGCAAACGGAG
hsa-miR-1468-3p,UUUUCCAUUUGCUUAUUUUGCU
hsa-miR-1323,AGAAAAUGCCCCUCAGUUUUGA
hsa-miR-1271-5p,UGAGUGCUUGCUAGGUGCCAAG
hsa-miR-1271-3p,UGCCUGGCACAUAGCAGGCACU
hsa-miR-1301-5p,UGCUGCGGUGCCUAGAGCG
hsa-miR-1301-3p,GAAGUCACUCCCAGGCAGCUGCAA
hsa-miR-454-5p,GCAGAGACAAUAUUGAUAGGGU
hsa-miR-454-3p,ACCCUAUAAGCAAUAUUGCACUA
hsa-miR-1185-5p,AACAUACAAAGGGUAUCCUCU
hsa-miR-1185-2-3p,AUGAGAGUCUCCCCCUGUAUAU
hsa-miR-449c-5p,ACAGCCGCUAGCAAUACACUGCCUA
hsa-miR-449c-3p,ACAGAGAGGAGUGCAACUAGCAA
hsa-miR-1283,AGAAAGCGCUUUCCUUUGUAGA
hsa-miR-769-5p,AGCUCAGAACCCAGAGGUCUCA
hsa-miR-769-3p,AACCAAGACCCCGGAGAUCCCAG
hsa-miR-766-5p,AAGACCAGCACCAAUUCCUCCU
hsa-miR-766-3p,GCUGAGGCUGUGGGGCUGGAGU
hsa-miR-378d,UUUCUGACUCCAAGUCCAGU
hsa-miR-1185-1-3p,AUAAGAGUCUCCCCCUGUAUAU
hsa-miR-762,GCUCGGCCCCGGCCCCAGCCCC
hsa-miR-802,ACAAGGAUGAAUCUUUGUUACUG
hsa-miR-670-5p,CACCACAUACACUCAGGGAC
hsa-miR-670-3p,UCCUGAAUGAAUAUGAGGAAA
hsa-miR-1298-5p,UACAUCUGGACAGCCGAAUGAA
hsa-miR-1298-3p,GUUCAGUCAGUUGCCCAGAUG
hsa-miR-2113,GUGACAGAGCCAAGCACAAAU
hsa-miR-761,UGUGUCAGUUUCACCCUGCUGC
hsa-miR-764,AGGAGGACAAGUGAGCACCUGC
hsa-miR-759,GUCAAAAUUGUUUGCACUCUGC
hsa-miR-765,CAUCACCUUCCUUCUCCUCCA
hsa-miR-770-5p,UGGCCCUGACACGUGGUACUGGA
hsa-miR-675-5p,CACUGUGGGCCCUCUCCGCACCA
hsa-miR-675-3p,UGAGCGGUGAGGGCAUACAG
hsa-miR-298,UGGGAGAACCUCCCUGCUUCUGCU
hsa-miR-891a-5p,UCAGUGGCUCAGGUUCGUUGCA
hsa-miR-891a-3p,CUCACAACAAACAUGUGCCACU
hsa-miR-300,AGAGAGAGUCUGCCCUUGUAUA
hsa-miR-892a,CUACGCAGAAAGGACACAGUG
hsa-miR-450b-5p,UAUUCAGGAACAUAUUGCAAAA
hsa-miR-450b-3p,UAUGGAUGCAAAAUGAUCCCAA
hsa-miR-874-5p,UCUUACCCUGGUGCGUGGGGCCG
hsa-miR-874-3p,UCGGUCCCUCGGGCCAGGGCAG
hsa-miR-890,CAACUGAUGCCUUUCCAAGUA
hsa-miR-891b,UCAAUGACUCAGGUAAGUUGCA
hsa-miR-888-5p,UGACUGACAGCUUUUUGAGUA
hsa-miR-888-3p,UUCACCCAAAGAGGUGUCAGUC
hsa-miR-892b,UCUACCCAGAAAGGAGCCAGUG
hsa-miR-541-5p,AGUGGGACCGACAGCAGAAUCCUUU
hsa-miR-541-3p,AGUCCAGAUUCUGUGCCCACCA
hsa-miR-889-5p,GACCAUACUACGGACAGCCAUU
hsa-miR-889-3p,ACAAUGGUUGUCCGAUAUUAA
hsa-miR-875-5p,CACCUGAUAAAACUGAGGUAUA
hsa-miR-875-3p,CACAACCUCAGUGUUUCCAGG
hsa-miR-876-5p,UGGUGAUUCACAAAGAAAUCCA
hsa-miR-876-3p,UGAAUUACUUUGUAAACCACCA
hsa-miR-708-5p,CCCAGCUAGAUUGUAAGCUCCUU
hsa-miR-708-3p,CUAGAAGCUCACAGUCUAGUUG
hsa-miR-147b,UAGCAGAAGCAUUUCCGCACAC
hsa-miR-190b,AACCCAAUAUCAAACAUAUCA
hsa-miR-744-5p,UGCUGUUAGCCCUAGCCCCGCA
hsa-miR-744-3p,AGGUUGAGGUUAGUGGCAACAG
hsa-miR-885-5p,AGAGGCAGGGUAGUGUAAUGGA
hsa-miR-885-3p,UAUCCACUACACCCCGCUGCCU
hsa-miR-877-5p,CCCUGCGCCAUCUCCUCUAC
hsa-miR-877-3p,CUGGGAGGAGGGAGAAGAGGA
hsa-miR-887-5p,GAGUCUAACAGGGCUCCCAAG
hsa-miR-887-3p,CCUCGGGAUGGCGCCCGUUCAC
hsa-miR-665,AGGGGCCUCAGCCUCCUGGU
hsa-miR-873-5p,AGGAGACUCACAAGUUCCUGC
hsa-miR-873-3p,UCCCGGGAACUCAUCAGUCUCC
hsa-miR-543,AAGAAGUGCACCGCGAAUGUUU
hsa-miR-374b-5p,CACUUAGCAGGUUGUAUUAUAU
hsa-miR-374b-3p,AAUGAUAAUACAACCUGCUAAG
hsa-miR-760,UCCCCACAGACCCAGAGCCG
hsa-miR-301b-5p,AGUAGUGCAACCUCGUCAGAGC
hsa-miR-301b-3p,GCUUUGACAAUAUCAUUGCACUG
hsa-miR-216b-5p,UCACAUUUGCCUGCAGAGAUUU
hsa-miR-216b-3p,UAGAAUCUCUACGGGUAAGUGUGU
hsa-miR-208b-5p,ACAUAAUUCGAGCAAAAAGCUU
hsa-miR-208b-3p,ACAAACCUUUUGUUCGUCUUAU
hsa-miR-920,UACUGCUUCCACAGCUCCCC
hsa-miR-921,GAAUCCUGGUUCUGUCCCUCACUAG
hsa-miR-922,GACGUAGUCCUAUUCUCUGCUGC
hsa-miR-924,GCAAGACAUCACAAGACUCU
hsa-miR-509-3-5p,CAUGAUUGCCACGUCUGCAGUA
hsa-miR-933,GGGAGAGGUCUCCCUGCGCACA
hsa-miR-934,CCAGUGUCUCCAGUAGUAGACA
hsa-miR-935,GCGGUAGCGGAAGCGGUAACUGG
hsa-miR-936,CUGCGAUUCCUCCCUCUACUGU
hsa-miR-937-5p,CCAGCCCCACCCUGACUCAC
hsa-miR-937-3p,GGCAGAGAGUCAGAGCGCGGAU
hsa-miR-938,ACUGGGUUCACCUUUAAGGGCA
hsa-miR-939-5p,CACCCCCAGAGCCUCAGCUCCCCA
hsa-miR-939-3p,CUGGGGAGCAGAGGCCCAGGG
hsa-miR-940,GGGGAGCGGGGGCCCUGCCUU
hsa-miR-941,GCACAUGUGCACACAGCCGGGUG
hsa-miR-942-5p,CACAUGGCCAAAACAGAGAAGA
hsa-miR-942-3p,ACUUCUCUGUUUCGGCCAUGUG
hsa-miR-943,CUGGAGGACGGCAACAGUCAG
hsa-miR-944,CUCAUCCGAUGUACAAUAAUUU
hsa-miR-297,CAUGCACAUGCACACAUACAU
hsa-miR-1178-5p,CAUGCUCAGCUGACCCUG
hsa-miR-1178-3p,CUAGGGAAGAACAGUGAGCAA
hsa-miR-1179,CCAACCAAUGAAAGAAUGCUU
hsa-miR-1180-5p,UAUUCCCGGCCGGGUGGGUCC
hsa-miR-1180-3p,ACACACCCACGCGAGCCGGAAA
hsa-miR-1181,CGGCUCGGGUGGCGGCGACGG
hsa-miR-1182,GUCACAUCCCUCCCAAGACCCUC
hsa-miR-1183,UGCCCACUCUCACCAUCACCUACAGUG
hsa-miR-1184,GGAAGCCAUCAAGUCGCUGCAGG
hsa-miR-1225-5p,CCCCCCACUGGGCCGUACCCAC
hsa-miR-1225-3p,CUGGGGGCGGCACAGGGGCUCA
hsa-miR-1226-5p,CCCCAUCCAGGCCUGCAUGCCCUCAC
hsa-miR-1226-3p,CUAGGGAACACAGGGCUGGUGA
hsa-miR-1227-5p,CCACCGCCUGGCCCCAC
hsa-miR-1227-3p,CUGGGGAAAAGGGUGGCACG
hsa-miR-1228-5p,CACACACCUGCCCCCGCCCAC
hsa-miR-1228-3p,GGGGGGCGAGGCAGGUGUGA
hsa-miR-1229-5p,CGCUCUCCCCCAAACCCUACCCAC
hsa-miR-1229-3p,CUGUGGGAGGGCAGUGGUGAGAG
hsa-miR-1231,GCAGCUGUCCGCCCAGACAC
hsa-miR-1233-5p,UGCCGUGCCCUGGCCUCCCACU
hsa-miR-1233-3p,CUGCGGGAGGACAGGGCUCA
hsa-miR-1234-3p,GUGGGGUGGGUGGUCAGGCCGA
hsa-miR-1236-5p,UCCCCAUUUCCCCUGUCACUCA
hsa-miR-1236-3p,CUGGAGAGACAAGGGGAAGAGG
hsa-miR-1237-5p,CGCGCUUCGGCCCCGCCCCCG
hsa-miR-1237-3p,CUGGGGGACGGAGCAGAAGGA
hsa-miR-1238-5p,CACACACUGGGGCUCCCACUCAC
hsa-miR-1238-3p,GGGGCAGACAGACGAGGAAG
hsa-miR-1200,GAGGCUCAGAAUGGCUCAGGAG
hsa-miR-1202,CUCCCCCACUGCAGCUGGCAC
hsa-miR-1203,GAGCUGCAUCCUGGCUCCGGG
hsa-miR-663b,CCUCAGGCACGGCCGGGCCACC
hsa-miR-1204,AUAAUGGAGACCAGGCCACGA
hsa-miR-1205,CUCAAAGCAAACCCUGCAGA
hsa-miR-1206,GCUUAAACAUCUACAUGAACA
hsa-miR-1207-5p,CCCCUCCCAGCCUCCCUGCCA
hsa-miR-1207-3p,GAAAUGAGGGCCAGCUGA
hsa-miR-1208,UCCGCCUGUCUGAACAGUGA
hsa-miR-548e-5p,GCAAAAACCGCGAUUGCUUUUG
hsa-miR-548e-3p,UGCAAAAGUAGUCUCAGUUUUU
hsa-miR-548j-5p,ACCAAAGACCGCAAUUACUUUU
hsa-miR-548j-3p,GCAAAAGUAAUGCAGUUUUUG
hsa-miR-1285-5p,CCUGGGCAACAAAGUGAGAUC
hsa-miR-1285-3p,AGGUCUCACUUUGUUGCCCAGA
hsa-miR-1286,AGGGCUCAUCUUGGUCCUGCA
hsa-miR-1287-5p,GACUCGAACCACUGAUCCAGCA
hsa-miR-1287-3p,AUCACUGCAUCUGUGGCUAGAG
hsa-miR-1289,AAAAUGCAGAUUCCUGGACUCCA
hsa-miR-1290,UCCCUGAUCCAAAAAUCCA
hsa-miR-1291,ACUGCUGGUCUUCAGUCAGGGCCA
hsa-miR-548k,AGCAAAAUCCGCAAGUACUUUU
hsa-miR-1293,GCACAAAUCUCCAGACCACCCA
hsa-miR-1294,AGACAACAAUGCCAACCUCACA
hsa-miR-1295a,UCACCCAGAUCUGCGGCCUAA
hsa-miR-1297,CACCUGAAUUACUUGAA
hsa-miR-1299,UCCCUCACACAGAAUUCCAGAA
hsa-miR-548l,GACAAAACCCGCAAAUACUUUU
hsa-miR-1302,UUUAGCAUAAGUAUGUCCCAA
hsa-miR-1303,AGAGCAAGACCCCGUCUCUAAA
hsa-miR-1304-5p,CACAUCUCACUGUAGCCUCAAA
hsa-miR-1304-3p,GGGGUUCGAGGCUACAGUGAGA
hsa-miR-1305,UCUCUCCCAUUAGAGUUGAAAA
hsa-miR-1243,CACUCCUAUAAUUGAUCCAGUU
hsa-miR-548f-5p,AAAAACUGUGAUUACUUUUGCA
hsa-miR-548f-3p,AAAAGUAAUUACAGUUUUU
hsa-miR-1244,AACCAUCUCAUACAAACCAACUACUU
hsa-miR-1245a,AUGUAGGCCUUUAGAUCACUU
hsa-miR-1246,CCUGCUCCAAAAAUCCAUU
hsa-miR-1247-5p,UCCGGGGACGAACGGGACGGGU
hsa-miR-1247-3p,GCUCCAGUCUCGACGUUCCCGGGG
hsa-miR-1248,UUUAGCACAGUGCUUAUACAAGAAGGU
hsa-miR-1249-5p,AACUUGGCCCAUCUCCUCCCUCCU
hsa-miR-1249-3p,UGAAGAAGGGGGGGAAGGGCGU
hsa-miR-1250-5p,AAAGGCCACAUCCAGCACCGU
hsa-miR-1250-3p,UGAAUGGGCUGGAAAAUGU
hsa-miR-1251-5p,AGCGCCUUUGGCAGCUAGAGU
hsa-miR-1251-3p,CUACACUGGCUGAGCAAAGCG
hsa-miR-1253,UGCAGGCUGAUCUUCUUCUCU
hsa-miR-1254,ACUGCAGGCUCCAGCUUCCAGGCU
hsa-miR-1255a,AAUCUACUUUCUUUGCUCAUCCU
hsa-miR-1256,AGCUAGUGAGAAGUCAAUGCCU
hsa-miR-1257,GGUCAGAACCCAUCAUUCACU
hsa-miR-1258,UUCCACGACCUAAUCCUAACU
hsa-miR-1260a,UGGUGGCAGAGGUGGGAU
hsa-miR-548g-5p,CAAAAACUGCAAUUACUUUUGCA
hsa-miR-548g-3p,GUACAAAAGUAAUUACAGUUUU
hsa-miR-1261,AAGCCAAAGCCUUAUCCAU
hsa-miR-1262,AUCCUUCUACAAAUUCACCCAU
hsa-miR-1263,ACUCAGUAUGCCAGGGUACCAU
hsa-miR-548n,ACAAAAUCCACAAUUACUUUUG
hsa-miR-548m,CAAAAACCACAAAUACCUUUG
hsa-miR-1265,AACAACACUUGACCACAUCCUG
hsa-miR-548o-3p,GCAAAAGUAACUGCAGUUUUGG
hsa-miR-1266-5p,AGCCCUGUUCUACAGCCCUGAGG
hsa-miR-1266-3p,UCCCUCAGGGCAUAGAACAGGG
hsa-miR-1267,UGGGGAUUACACUUCAACAGG
hsa-miR-1268a,CCCCCACCACCACGCCCG
hsa-miR-1269a,CCAGUAGCACGGCUCAGUCCAG
hsa-miR-1270,ACACAGCUCUUCCAUAUCUCCAG
hsa-miR-1272,UUUCAGAAUUUGCUGCCAUCAUCAUC
hsa-miR-1273a,AAGAAAGAGUCUUGCUUUGUCGCCC
hsa-miR-548h-5p,GACAAAAACCGCGAUUACUUUU
hsa-miR-548h-3p,UGCAAAAGUAAUUGCGGUUUUUG
hsa-miR-1275,GACAGCCUCUCCCCCAC
hsa-miR-1276,UGUCUCCACAGGGCUCUUUA
hsa-miR-302e,AAGCAUGGAAGCACUUA
hsa-miR-302f,AAACAUGGAAGCAAUUA
hsa-miR-1277-5p,AUACGUACAUAUAUAUAUAUAUUU
hsa-miR-1277-3p,AAAAUACAUAUAUAUCUACGUA
hsa-miR-548p,AAAGUAACUGCAGUUUUUGCUA
hsa-miR-548i,GGCAAAAUCCGCAAUUACUUUU
hsa-miR-1278,AUAGAUGAUAUGCACAGUACUA
hsa-miR-1279,AGAAAGAAGCAAUAUGA
hsa-miR-1281,GGGAGAGGAGGAGGCGA
hsa-miR-1282,AAGCAGAAAAAGGCAAACGA
hsa-miR-1284,GAAAAGCCAGGGUCUGUAUAGA
hsa-miR-1288-5p,GGUGAGUUACAGUCCUGAUCUGC
hsa-miR-1288-3p,UCUCCAGAUCAGGGCAGUCCA
hsa-miR-1292-5p,CAGCGUCUGCCGGAACCCGUUCCCA
hsa-miR-1292-3p,GAACGGGAGCCGGGGCGCGA
hsa-miR-1252-5p,UAAAUGAAUUCAAUUUCCUUCU
hsa-miR-1252-3p,AAAAGGAAAUUAAGCUCAUUUG
hsa-miR-1255b-5p,AACCACUUUCUUUGCUCAUCCG
hsa-miR-1255b-2-3p,UGGAUGAGCAAAGAAAGUGGUU
hsa-miR-664a-5p,AUCCAAUCAUUUUCCCUAGCCAGU
hsa-miR-664a-3p,UGUAGGCUGGGGAUAAAUGAAUA
hsa-miR-1306-5p,UGGACGUUUGCAGGGGAGGUGG
hsa-miR-1306-3p,CACCACCAGAGCCAACGU
hsa-miR-1307-5p,AGCCGGUCGAGGUCCGGUCGA
hsa-miR-1307-3p,CACGACCGACGCCACGCCGAGU
hsa-miR-513b-5p,AUAAAUGACACCUCCUUGUGAA
hsa-miR-513b-3p,UCCUCUCAAAAAGGUGACAUUU
hsa-miR-513c-5p,AUAAACGACACCUCCUUGAGAA
hsa-miR-513c-3p,UCUUCUCAGAAAGGUGAAAUUUA
hsa-miR-1321,AUCACAUUCACCUCCCUG
hsa-miR-1322,CAGCAUCAGCAGCAUCAUC
hsa-miR-1197,AGAAGUAGACCAUGUGUCCUA
hsa-miR-1324,GAAAGUGCAUAGAAUUCUGUCUGG
hsa-miR-1469,GGAGCCCGCGCCCCGCGCCGAG
hsa-miR-1470,CGGGGUGCACGGGCGGAGGGC
hsa-miR-1471,ACACCUGGCUCCACACGCGGGC
hsa-miR-1537-5p,AGAAAACUGACUAAUUACAGCU
hsa-miR-1537-3p,ACAACUGUAACUAGACGGUUUU
hsa-miR-1538,AGGAACAGCAGCAGCCCGGGCCG
hsa-miR-1539,GGGCAUCUGGGACGCGCAGGA
hsa-miR-103b,AGCAGCAUUGUACAGGGCUAUGA
hsa-miR-320d,UCCUCUCAACCCAGCUUUU
hsa-miR-1825,GGAGAGGAGGGCACUGGA
hsa-miR-1827,AUUCAAUCUACUGCCUCA
hsa-miR-1908-5p,GACCAAUCGCCGUCCCCGCCG
hsa-miR-1908-3p,CGGGGCGGAGCCGGCGGCCGG
hsa-miR-1909-5p,CAGGGCAGGCACCGGCACUCA
hsa-miR-1909-3p,CGGUGAGCACCCGGCCCCUGCG
hsa-miR-1910-5p,AGGCGGCAGGCACAGGACUGG
hsa-miR-1910-3p,UGUCAUCCUGCUUCUGCCUC
hsa-miR-1911-5p,CCCAACAGACAUGGCGGUACUCA
hsa-miR-1911-3p,GGAGACCACAAUGCCUGGUG
hsa-miR-1912,UUCACACUGCAUGCUCUGGGUA
hsa-miR-1913,UGGCAGCAGCGGAGGGGGCAGA
hsa-miR-1914-5p,CAGAAGUGGGCCGGGCACAGGG
hsa-miR-1914-3p,CCUCCCAGUGCGGGACCCCUCC
hsa-miR-1915-5p,GGCCCGGGCAGCAAGGCAAGGU
hsa-miR-1915-3p,CCCGCCGCGUCGCCCUGGGG
hsa-miR-1972,UGAGCCACUGUGCCUGGCCUGA
hsa-miR-1973,UAUGCUACCUUUGCACGGU
hsa-miR-1976,ACAGCAAGGAGGGCAGGAGG
hsa-miR-2052,ACAUUACUGUUAUCAAAACA
hsa-miR-2053,GUAAAUAGAGGUUUAAUUAACAC
hsa-miR-2054,AAUAAAUUAAAUUUAUAUUACAG
hsa-miR-2110,CACUCAGCGGCCGUUUCCCCAA
hsa-miR-2114-5p,GACCGCUUCAAGGAAGGGACUA
hsa-miR-2114-3p,AAGUCCCUUGCUUGAGGCUCG
hsa-miR-2115-5p,UCCAUCAGGAGUCAUGGAAGCU
hsa-miR-2115-3p,CUAGCCUCCAUGAAUUCUGAUG
hsa-miR-2116-5p,AGACCUCCUAUGCUAAGAACC
hsa-miR-2116-3p,GGGAGUUCUUGGCAUGGGAGG
hsa-miR-2117,CUGUCCUUGGCAAAGAGAACA
hsa-miR-548q,CCGCCAUUACUUUUGCACCAGC
hsa-miR-2276-5p,CGUCUGCAAGGUGACAGAGGGC
hsa-miR-2276-3p,CCUCGCCUCUGACACUUGCAGA
hsa-miR-2277-5p,GACUGGCAGCGCUCAGCCCGCGCU
hsa-miR-2277-3p,GAGCCAGGCAGGGCGCUGUCA
hsa-miR-2278,CCAGGCAACACACACUGCUCUC
hsa-miR-2681-5p,AGUCUCCUGGAGGUGGUAAAAC
hsa-miR-2681-3p,GUGCUUUACCAACUCCAUGAUA
hsa-miR-2682-5p,GACGUCUGAACAGUCACUGCCUG
hsa-miR-2682-3p,GGAAGACAGCGCUGAAGAGGCG
hsa-miR-711,CUUACGUCUCUCCCUGGGUCCC
hsa-miR-718,CGACGCCCGGCGGGGCGGAAG
hsa-miR-2861,CCGCCCACCGCCAGGCCCC
hsa-miR-2909,CCAAGAGAUGUUGGCCCUAAC
hsa-miR-3115,ACCAACUAGUAAACCCAUAU
hsa-miR-3116,AGUCCCUACUAUGUUCCAGGCA
hsa-miR-3117-5p,AUAUGACUCGUAUAGUGUCU
hsa-miR-3117-3p,CUGGCACUAUAUGAGUCCUAU
hsa-miR-3118,AGAAUUUUCAUAAUGCAGUCACA
hsa-miR-3119,GCCAUCAAAGUUAAAAGCCA
hsa-miR-3120-5p,UGUACAGCAGGCACAGACAGG
hsa-miR-3120-3p,UGCCUGUCUACACUUGCUGUG
hsa-miR-3121-5p,CUUAAAUAGAAUAGGCAAAGGA
hsa-miR-3121-3p,UGUCCUUUGCCUACUCUAUUUA
hsa-miR-3122,AAGACCGUCCUCUUGUCCCAAC
hsa-miR-3123,GAUUAAACAAUUCUCUG
hsa-miR-3124-5p,GACUUUGCCUUCGCCCGCGAA
hsa-miR-3124-3p,ACUUCACGGGAGUGAGGAAAGU
hsa-miR-548s,AAAAUAACUGCAGUUUUGGCCAU
hsa-miR-3125,UCUCUCCACAGCUUCCUCUA
hsa-miR-3126-5p,UGCUUCUGGCAUCUGUCCCUCA
hsa-miR-3126-3p,UCUGUGUGACGGAUGCCAGAUG
hsa-miR-3127-5p,CUUCCCAUUCCACAAGCCCUGAU
hsa-miR-3127-3p,CCAGCAGGCCUGCAGAAGGGGA
hsa-miR-3128,AUGAGAGUUUUUUACUUGCCAGA
hsa-miR-3129-5p,AAACCAAUCUCUACACUACUGC
hsa-miR-3129-3p,GCAGCAGUGUAGAGAUUAGUUU
hsa-miR-3130-5p,GGCUGCACCGGAGACUGGGUA
hsa-miR-3130-3p,UUACCCAGUCUCCGGUGCAGC
hsa-miR-3131,AAGGCCCUUCCACCAGUCCUCGA
hsa-miR-3132,UCCUCUGAGCUCCUUCUCUACCCA
hsa-miR-3133,AUUGGGUUUUAAGAGUUCUUUA
hsa-miR-378b,UUCUGCCUCCAAGUCCAGU
hsa-miR-3134,AAUAUGUAGUCUUUUAUCCAUCA
hsa-miR-3135a,CACUGCAGUCUCAGCCUAGGCA
hsa-miR-466,AUGUGUGUUGCGUGUAUGUGUAU
hsa-miR-3136-5p,AAUGACCCUACCUAUUCAGUCAG
hsa-miR-3136-3p,ACUAACUGAAUAGGUUGGGCCA
hsa-miR-544b,UUAGAAAUGCACAACCUCAGGU
hsa-miR-3137,ACCCCAUUGCUCCCAGGCUACAGA
hsa-miR-3138,ACUCCCUCUACCUCACUGUCCACA
hsa-miR-3139,AACAGGCAUCUGUUGAGCUCCUA
hsa-miR-3140-5p,AAAGCUUUUGGUAAUUCAGGU
hsa-miR-3140-3p,ACUACCUGAAUUCCCAAAAGCU
hsa-miR-548t-5p,CAAAAACCACGAUCACUUUUG
hsa-miR-548t-3p,UGGUGCAAAAGUAAUUGUGGUUUUU
hsa-miR-3141,UCCUCCUCCACCCGCCCUC
hsa-miR-3142,UCUGAAGGUUCAGAAAGGCCUU
hsa-miR-3143,CGAAAGAAGCGCUUUACAAUGUUAU
hsa-miR-548u,CGCAAAAGUAAUUGCAGUCUUUG
hsa-miR-3144-5p,CUAUAUAUCUCUUUGGUCCCCU
hsa-miR-3144-3p,UAAAGAGACCGAACAGGUAUAU
hsa-miR-3145-5p,UGAGUUUUGAGUGUUUGGAGUU
hsa-miR-3145-3p,CAAUUCCAAACACUCAAAAUAUCU
hsa-miR-1273c,GACAGGGUCUCGUUUUGUCGCC
hsa-miR-3146,CCAUUCUUUCUAUCCUAGCAUG
hsa-miR-3147,UCACACCCUCCUCACUGCCCAACC
hsa-miR-548v,UGGUGCAAAAGUAACUGUAGCU
hsa-miR-3148,AAGCACACACCAGUUUUUUCCA
hsa-miR-3149,AUACACACACAUAUCCAUACAAA
hsa-miR-3150a-5p,GCUGAGGAGAUCGUCGAGGUUG
hsa-miR-3150a-3p,CCAACCUCGAGGAUCUCCCCAG
hsa-miR-3151-5p,ACCUGAUCCCAUUGCCCCACC
hsa-miR-3151-3p,AGGUGGGCUGUGGGAUCAGG
hsa-miR-3152-5p,CUUGUGUUAGAACAGAGGCAAU
hsa-miR-3152-3p,UUAUUGCCCCUAUUCUAACACA
hsa-miR-3153,AAAUGUCCCUACUCGCUUUCCCC
hsa-miR-3074-5p,CUGGCUCAGUUCAGCAGGAAC
hsa-miR-3074-3p,CGGUGCCUACUGAGCUGAUAUC
hsa-miR-3154,UCUGCUCCCAACUCCCCUUCUG
hsa-miR-3155a,AGUUCCCACUGCAGAGCCUGG
hsa-miR-3156-5p,UGUCUCCCACUUCCAGAUCUUU
hsa-miR-3156-3p,AGAAAGAUCUGGAAGUGGGAG
hsa-miR-3157-5p,AGACUGCACUAGCCUGGCUGAA
hsa-miR-3157-3p,AGCUUCAGCUAGACUAGGGCAG
hsa-miR-3158-5p,GAAGGGCUUCCUCUCUGCAGG
hsa-miR-3158-3p,GUCCUGCAGAGAGGAAGCCCUU
hsa-miR-3159,GUGGCCGACACUUGUAAUCCUA
hsa-miR-3160-5p,GGAGAGCUGAGACUAGAAAGCC
hsa-miR-3160-3p,UGGGCUUUCUAGUCUCAGCUCU
hsa-miR-3161,AUCUGGGCCUCUGUUCUUAUCAG
hsa-miR-3162-5p,CUCCCCACCCUUCUACUCCCUAA
hsa-miR-3162-3p,UGGGGAGUGGAGGGGUAGGGA
hsa-miR-3163,GUCUUACUGCCCUCAUUUUAUA
hsa-miR-3164,CGCCAUUUCCCUUAAAGUCACA
hsa-miR-3165,UGAGGUCACAUUGCAUCCACCU
hsa-miR-3166,UAGGCCAGUAGGCAUUGUCUGCG
hsa-miR-1260b,AUGGUGGCAGUGGUGGGAU
hsa-miR-3167,ACACCAGUAUUUCUGAAAUCCU
hsa-miR-3168,GUCUGACUGUAGAACUC
hsa-miR-3169,CUAUGUGCCAAGCACAGUCCUA
hsa-miR-3170,ACUGUCUGUCUCAGAACCCCAG
hsa-miR-3171,GAUAUAUACAGAUUCCAUACAUCU
hsa-miR-3173-5p,AAAGGAGAAAACAGGCAGGGCA
hsa-miR-3173-3p,UGGCCUGCCUAUUUCCUCCUUU
hsa-miR-1193,GCACGUCACCGGUCUACCAUCCC
hsa-miR-323b-5p,UGCGAACUCACCACGGACAACCU
hsa-miR-323b-3p,AAGAGGUCGACCGUGUAUUGGG
hsa-miR-3174,GGCUCUGCAUCUCUAACUCACUA
hsa-miR-3175,ACGUCACUGCGUUCUCUCCCCG
hsa-miR-3176,CCGGUAGUCCCAGGCCAGU
hsa-miR-3177-5p,AGCGCCUGGCACGUGUGUACACA
hsa-miR-3177-3p,ACGUGUCCCCAGUGCCGUGCA
hsa-miR-3178,CGAUCCGGCCGCGCCCC
hsa-miR-3179,ACGUUUAAAUUUCACCCCUUCU
hsa-miR-3180-5p,CGACGUGGGGCGGAGCGUCUGGAAG
hsa-miR-3180-3p,GGCCUCCGGAAGCUCCGCCCCA
hsa-miR-548w,AGGCAAAAACCGCAGUUACUUUU
hsa-miR-3181,CCGGCGCCGAGGGCCCGAU
hsa-miR-3182,GACUACACUACAGAAGC
hsa-miR-3183,UCCGAGCGACUCCGAGAGAGGC
hsa-miR-3184-5p,AAAAGCUCGGUCUGAGGCCCCUCA
hsa-miR-3184-3p,UGAGGGGCAGAGAGCGAGACUUU
hsa-miR-3185,CCGCAGACCGACCGCCUUCUUCU
hsa-miR-3065-5p,UCCAGCAUCAGUGAUUUUGUUGA
hsa-miR-3065-3p,CUCCAACAAUAUCCUGGUGCUGA
hsa-miR-3186-5p,AAGCCACGUAGACAGACGCCUG
hsa-miR-3186-3p,CAAAGCCAUCUCUCCGCGUGA
hsa-miR-3187-5p,CCUUCAGCCACACGCUGCCCAGG
hsa-miR-3187-3p,CCGCGCAGCCCCAUGGCCAA
hsa-miR-3188,CCCCGUAUCCGCACAAAGCCUCU
hsa-miR-3189-5p,UCCUACCCAGGGCACAGAUGGGGCA
hsa-miR-3189-3p,CUACCCCAUCAGACCCAAGGG
hsa-miR-320e,CCUUCUCAACCCAGCUUU
hsa-miR-3190-5p,UGGGGACGUAGCUGGCCAGA
hsa-miR-3190-3p,UCUCUGGCCGUCUACCUUCCACA
hsa-miR-3191-5p,UGGAAGGUAGACGGCCAGAGAG
hsa-miR-3191-3p,CUGUCUGGCCAGCUACGUCCCCA
hsa-miR-3192-5p,UUCCACUGCUACAACCUCCCAGA
hsa-miR-3192-3p,GAGCUGAGAGGGCGAUCAGAG
hsa-miR-3193,ACUCCUCAGAUCCUACGCAGGA
hsa-miR-3194-5p,CAGCCCUCCUGGUGGCUGGCC
hsa-miR-3194-3p,ACUGCCAGUGAGCAGCAGAGCU
hsa-miR-3195,AACCCGGGCCCGGCGCG
hsa-miR-3196,GAGGCCCCUGCCGCCCCG
hsa-miR-548x-5p,CAAAAACUGCAAUUACUUUUGCA
hsa-miR-548x-3p,GAAAGUAAUUGCAGUUUUUA
hsa-miR-3197,CGCCUUUCCGAGCCUGCGCCUCC
hsa-miR-3198,UCUCCAUUCCCCAGGACUCCAC
hsa-miR-3199,AACUUUCUCCUAAGGCAGUCCCU
hsa-miR-3200-5p,ACCUUGUGCGCCUUCUCAGAUU
hsa-miR-3200-3p,CAGACCUGAGUAGCGCAAGGUG
hsa-miR-3201,AUUUUUCUUCAUAUCCC
hsa-miR-514b-5p,AUGAUUGCCUCCCUCUUGAGAA
hsa-miR-514b-3p,UCCACUCACAGAGGUGUCAAU
hsa-miR-3202,AUUAAAGCUCUUCUCCCUUCCA
hsa-miR-1273d,ACUGCAGCCUCAACCUCAUGGGUUC
hsa-miR-4295,AAGGAAAACAUUGCACUG
hsa-miR-4296,UGAGCCUGAGCCCACAU
hsa-miR-4297,CACAGACAGGAAGGCA
hsa-miR-378c,CCACUCUUCUGACUCCAAGUCCAGU
hsa-miR-4293,CUGUUCCUGUCAGGCUG
hsa-miR-4294,CCCUGCUGUAGACUCCC
hsa-miR-4301,UCACAAGUGAAGUAGUGGGA
hsa-miR-4299,GCCUCUCAUGUCACCAGC
hsa-miR-4298,CUGCCUCCUCCUCCUGUCCCAG
hsa-miR-4300,GAAGUAGUCCAGCUCCCA
hsa-miR-4304,UGCCCUGGACAUGCCGG
hsa-miR-4302,CUCGCUGAGCCACACUGG
hsa-miR-4303,CUGUCCUCAGCUCAGAA
hsa-miR-4305,GAACUGGAGGUGUCUAGG
hsa-miR-4306,UACUGCCUUUCUCUCCA
hsa-miR-4309,UGGAAUCCUAGACUCCAG
hsa-miR-4307,GGAAACAGGAAAAAACAUU
hsa-miR-4308,AAGAAGAAACUCCAGGGA
hsa-miR-4310,GGGACAUGAAUGCUGC
hsa-miR-4311,CACACUCAGCUCUCUUUC
hsa-miR-4312,UGGGGACAGGAACAAGGCC
hsa-miR-4313,GGGUUUGGGGCCAGGGGGCU
hsa-miR-4315,GUCCAGCUCAGAAAGCGG
hsa-miR-4316,CACCAGCUAGCCUCACC
hsa-miR-4314,CUGUCCCAUUUCCCAGAG
hsa-miR-4318,AGCAUGUACCCACAGUG
hsa-miR-4319,GUGGCUUUGCUCAGGGA
hsa-miR-4320,AGGAAGCUACAGAAUCCC
hsa-miR-4317,AAACUCCCUGGCAAUGU
hsa-miR-4322,CCCCACGCGCUGAGCCCACAG
hsa-miR-4321,CGCAGGGCGGUCCACCGCUAA
hsa-miR-4323,UCUGAGGCUGUGGGGCUG
hsa-miR-4324,UUAAGGUUAGGGUCUCAGGG
hsa-miR-4256,ACCUUCAUCAGGUCAGAU
hsa-miR-4257,CUCAGUCCCCACCUCUGG
hsa-miR-4258,CCAAGGCGGUGGCGGGG
hsa-miR-4259,UCCUGACCCCUAGACCCAACUG
hsa-miR-4260,UGGGACUCCAUGCCCCAAG
hsa-miR-4253,ACCCCCUGGACAUGCCCU
hsa-miR-4251,UUGGCCCUUUUCUCAGG
hsa-miR-4254,GAGAUGGUGGAGUAGCUCCAGGC
hsa-miR-4255,UCCAUCUCUGAACACUG
hsa-miR-4252,UGGUGCUGACUCAGUGGCC
hsa-miR-4325,UCACUGAGACAAGUGCAA
hsa-miR-4326,GUCUGGGAGACAGAGGAACA
hsa-miR-4327,CCAGUCCCCCAUGCAAGCC
hsa-miR-4261,UGGGUCCCUGUUUCCU
hsa-miR-4265,CCCAGAGCUGAGCCCACAG
hsa-miR-4266,GGCCAAGGCCUCCUAG
hsa-miR-4267,GUGCCACCGAGCUGGA
hsa-miR-4262,CAGGUAGUCUGAAUGUC
hsa-miR-2355-5p,UUGUCCAUUGUAUCUGGGGAU
hsa-miR-2355-3p,AUCUCCAAACAGCAAGGACAAU
hsa-miR-4268,CACAUCCUGAGAGGAGGAGCC
hsa-miR-4269,GCCAGGGCUGUCUGUGCCUGC
hsa-miR-4263,GGCCAAGGCACUUAGAAU
hsa-miR-4264,AAUGACCAUGACUGAGU
hsa-miR-4270,GCCCUCCCCUGACUCCCUGA
hsa-miR-4271,CCCCACCUUUUCUUCCCCC
hsa-miR-4272,ACAAUCACUAGUUGAAUG
hsa-miR-4273,CUGUCCAUCAGAGAACAC
hsa-miR-4276,GCACAUGAGUCACUGAG
hsa-miR-4275,AAAGAAGUGGUAAUUGG
hsa-miR-4274,CAGGGGGAGGGACUGCUG
hsa-miR-4281,CCCCCCUCCCCGGGACCC
hsa-miR-4277,GUGUACUGUGCUCAGAACUGC
hsa-miR-4279,GAAGCCGGGAGGAGAG
hsa-miR-4278,CAAGGGCAAACCCCCUAG
hsa-miR-4280,GCUCUGCUCAGAACUACACUC
hsa-miR-4282,UCCUGGAUGCAAAUUUUA
hsa-miR-4285,AUGAGUCGGACUCGCCGC
hsa-miR-4283,AAACUCGCUGAGCCCCA
hsa-miR-4284,AUGGGGUGAUGUGAGCCC
hsa-miR-4286,GGUACCAGGAGUGGGGU
hsa-miR-4287,AAAGUGCCCUCAAGGGAGA
hsa-miR-4288,GGAAACUCAGCAGACAA
hsa-miR-4292,CCAAGGCCGGCCCAGGGG
hsa-miR-4289,UGAUAGCCCUGCACAAUGC
hsa-miR-4290,GAGGGAAGAAAGGAGGGCA
hsa-miR-4291,AGCUGUUCCUGCUGAA
hsa-miR-4329,GUGGAACUAGGGUCUCAGG
hsa-miR-4330,GCAAGGCUCUGAUCUGAGG
hsa-miR-500b-5p,ACCCAGGUAGCAAGGAUU
hsa-miR-500b-3p,CAGAAUCCUUGCCUGGGUGC
hsa-miR-4328,AAUCCUGGGAAAACUGG
hsa-miR-3605-5p,GGCUUCCUUGCUAUCCAUCCUCA
hsa-miR-3605-3p,CUAGAGGACAGGUAACACGGAGG
hsa-miR-3606-5p,AAUUAAAAUAGCCUUCACUAA
hsa-miR-3606-3p,CUAAGUAGUGAAAGAAAUUUU
hsa-miR-3607-5p,ACUGAUUUGCUUCAUCACAUGC
hsa-miR-3607-3p,CAUCAGAAAGCGUUUACAGU
hsa-miR-3609,CAGCCAGUAUUACUCAUCACUUUG
hsa-miR-3610,CGGCGCCUCCUUUCCGAUUC
hsa-miR-3611,UAAGAAUUUCUUUCUUCACAA
hsa-miR-3612,UCCAUUUCUCAAGAUGCCUCCU
hsa-miR-3613-5p,GAACAAAAAAAAAAGUACAACA
hsa-miR-3613-3p,GAAGGGUUGGGCUUUUUUUUUUGU
hsa-miR-3614-5p,GGGCAGCCUUCAGAUCCAAGUGG
hsa-miR-3614-3p,AAAACACCAAGAUCUGAAGGCUA
hsa-miR-3615,GAGCCGCGAGGAGCCGAGAGA
hsa-miR-3616-5p,ACAUAUCAUGAGUGCACUUCAU
hsa-miR-3616-3p,GCCUGCAUCAUGAAAUGCCCUCG
hsa-miR-3617-5p,CCCAUCUUGCAACUAUGUCUUU
hsa-miR-3617-3p,AGAAAGGACAUAGGGUGCUGAUG
hsa-miR-3618,GCUCUUUUCAUUAAUGUAGACA
hsa-miR-3619-5p,GCUGCACCAGCCUGCCUGCUGA
hsa-miR-3619-3p,CCACAGCAGGCAGGAUGGUCCC
hsa-miR-23c,GGGUAAUCACUGGCAAUGUGAU
hsa-miR-3620-5p,GGCCCAGCCCAGCCCAGCCCAC
hsa-miR-3620-3p,CUGGGUGCGGGAUGCAGGGUGA
hsa-miR-3621,CCUGCAGACCCCGACCCGCG
hsa-miR-3622a-5p,CUCACCUGAGCUCCCGUGCCUG
hsa-miR-3622a-3p,ACAGGCAUGGGAGGUCAGGUGA
hsa-miR-3622b-5p,UCACCUGACCUCCCAUGCCU
hsa-miR-3622b-3p,CAGGCACGGGAGCUCAGGUGA
hsa-miR-3646,UGGGCUGGGCUCAUUUCAUUUU
hsa-miR-3648,CCCUCGGCGAUCCCCGCGGCU
hsa-miR-3649,CUUAGACACUCAGGUCCCU
hsa-miR-3650,GGACUCUACAGACACACCU
hsa-miR-3651,UCAUGUACCAGCGACCGGGCUAUG
hsa-miR-3652,UCCUCACACCUCCAGCCG
hsa-miR-3653-5p,GAAGAAGAAUCAUCAGGAGG
hsa-miR-3653-3p,CUUCAGUCAACUUCUUAG
hsa-miR-3654,UUCCUCAGCUUGUCCAGUC
hsa-miR-3655,AGCAACACCGCAGCGACAAGC
hsa-miR-3656,CCACCCCCGCACCCGCC
hsa-miR-3657,AAUCACCAAUAAUGGGACACA
hsa-miR-3658,AUCUCCAUGGUGUUUUCUUAAA
hsa-miR-1273e,UCCACUUCCUGGGUUCAAGCAA
hsa-miR-3659,UGCCCUCGUAGACAACACUCA
hsa-miR-3660,UCAAAAUGCUCUCCUGUCAGU
hsa-miR-3661,CAGCUGUCCGAGUCCCAGGUCA
hsa-miR-3662,CAUCAGUCACUACUCAUCAUUUUC
hsa-miR-3663-5p,CCGAGCACCACGCAGACCAGC
hsa-miR-3663-3p,GCGCCCGGCCUGUGUGGUGCUCA
hsa-miR-3664-5p,ACUCAUGAGUGAAGACAGAGUU
hsa-miR-3664-3p,AACUCUGUCUUUACUCCUGAGA
hsa-miR-3665,CGCCGCCCCGCACCUGCU
hsa-miR-3666,UCGGCAUCUACACUUGCACUG
hsa-miR-3667-5p,ACCUUCUCCUCAAUGGGUCUUU
hsa-miR-3667-3p,AAAGACCCAUGGAGAGGAAGGU
hsa-miR-3668,AUUUUGAUCAAUCUCUACAUU
hsa-miR-3670,UAGAGAAGGACAGCUGUGAGCUCU
hsa-miR-3671,UGCAGACUAGUCCUUAUUUGAU
hsa-miR-3672,AAGAUGUUUUACAUGAGUCUCAU
hsa-miR-3674,GGCCAAUCUUAGGUUCUACAAU
hsa-miR-3675-5p,GAAAUCUCUACAGAAGCCCCAUA
hsa-miR-3675-3p,UUGGGGGAGUUCCUUAGAGAUG
hsa-miR-3677-5p,CACUGCAGGGCUCUGGCCACUG
hsa-miR-3677-3p,GGCCGUGGCCAGAGCCCACGAG
hsa-miR-3678-5p,CACAGCAGAGUUUGUACGGA
hsa-miR-3678-3p,CCGGUCCGUACAAACUCUGCAG
hsa-miR-3679-5p,UCCCCUUCCCUGCCAUAUCCUCA
hsa-miR-3679-3p,GAUGAAGAUUACUGGGGGGAAG
hsa-miR-3680-5p,UGCACAAUCCUGUGAGUGAGUC
hsa-miR-3680-3p,CCUACUCCCAGGGUCAUGCAAAA
hsa-miR-3681-5p,GCACAGAGUGCAUCAUCCACUA
hsa-miR-3681-3p,AGUAGUGGAUGAAGCACUGUGU
hsa-miR-3682-5p,AUGAUAACACAGGUAGAAGUAG
hsa-miR-3682-3p,CUACCUCCACCUGUAUCAUCA
hsa-miR-3683,UGAUACUACUUCCAAUGUCGCA
hsa-miR-3684,AAGGACGUGUACUAGGUCUAA
hsa-miR-3685,AGUCUUCAGGUAGGGUAGGAAA
hsa-miR-3686,UCAUUUACUUUCUCUUACAGAU
hsa-miR-3687,ACGUCGCACGAACGCCUGUCCGGG
hsa-miR-3688-5p,AUAUGGAAAGACUUUGCCACU
hsa-miR-3688-3p,AGAGUGGCAAAGUCUUUCCAUA
hsa-miR-3689a-5p,UCCCAGGAACCAUGAUAUCACA
hsa-miR-3689a-3p,ACCACGAUAUCACACCUCCCAG
hsa-miR-3690,CUUUGUCUACGCUGGGUCCAGGU
hsa-miR-3691-5p,GUACCGAGUCUCCAUCAUCCACU
hsa-miR-3691-3p,GAGAGGAUGACGCAGACUUGGU
hsa-miR-3692-5p,CAGUAUCCACUCCUGACCAGCAGG
hsa-miR-3692-3p,ACUUCUGCAGUGUCAGUGUGGAAC
hsa-miR-3713,ACCAUCCCCAAACGGAUACC
hsa-miR-3714,ACAGGGGAGCACUGCUGCCUUC
hsa-miR-3180,CUCCGGAAGCUCCGCCCCA
hsa-miR-3907,UGUGAGCCAGCCUGGAGCACCU
hsa-miR-3689b-5p,UCCCAGGAACCAUGAUAUCACA
hsa-miR-3689b-3p,ACCACAAUAUCACACCUCCCAG
hsa-miR-3908,AAACAGUCUACCUACAUUGCUC
hsa-miR-3909,AGACUGCAGGCCCUAGAGGACA
hsa-miR-3910,UGUCUUGGUUUUAUGCCUUU
hsa-miR-3911,UGCCUCCUCCAGGAUCCACACA
hsa-miR-3912-5p,ACUAACCCAUAAUAUGGACAU
hsa-miR-3912-3p,ACAUGUCCAUAUUAUGCGUUA
hsa-miR-3913-5p,AGACAUCAAGAUCAGUCCCAAA
hsa-miR-3913-3p,UUUGGGACUGAUCUUGAUGUCU
hsa-miR-3914,ACUUCUCAUUUUCUGGUUCCUU
hsa-miR-3915,AAUAAGACCAUCUUUUCCUCAA
hsa-miR-3916,CUGAGAACCAGCCAUUUCUUCCUCUU
hsa-miR-3917,CCCACCUGCUCAGUCCGAGC
hsa-miR-3918,AGUCUCCAUCUGCGGCCCUGU
hsa-miR-3919,ACUGAGUCCUUUGUUCUCUGC
hsa-miR-3150b-5p,GCUGGGGAGAUCCUCGAGGUUG
hsa-miR-3150b-3p,CCAACCUCGACGAUCUCCUCA
hsa-miR-3920,UCAGAGAGUUAAGAUAAUCAGU
hsa-miR-3921,ACAAGGCAUAUGGUACUCAGAGA
hsa-miR-3922-5p,UGCUGUGGGACCUCUGGCCUUGA
hsa-miR-3922-3p,AAAGAGUCAAGUCAAGGCCAGA
hsa-miR-3923,CCCUAAUCCAACAUUACUAGUU
hsa-miR-3924,AGUAGCAGUCACAUAUACAUAU
hsa-miR-3925-5p,AGGCUCCACUUUCAGUUCUCUU
hsa-miR-3925-3p,CAAGAGAACUAAAACUGGAGU
hsa-miR-3926,UCUCUGCCUGCUUUUUGGCCA
hsa-miR-3927-5p,ACAGGCAGAUAUGUGAUAGGC
hsa-miR-3927-3p,AUGCCUAUCAAAUAUCUACCUG
hsa-miR-676-5p,UGCAAGUCCUGAGGUUGAAGA
hsa-miR-676-3p,AACUCAACAACCUUAGGACAG
hsa-miR-3928-5p,GCAGGCGGAACCUUAGAGCUUCA
hsa-miR-3928-3p,GCCGAAGCUCCAAGGUUCCUCC
hsa-miR-3929,AGUGGUCUACUCACAUCAGCCUC
hsa-miR-3934-5p,CUGCCUCAGUUUCCACACCUGA
hsa-miR-3934-3p,UCCCAGCUGUGCAACCUGAGCA
hsa-miR-3935,GUGGCUGGUGCUCGUAUCUACA
hsa-miR-3936,UGCAUCUGCCAUACACCCCUUA
hsa-miR-3937,CCCCCAUUGCUACAGCCGCCUGU
hsa-miR-3938,CCGGGUUAUCUACAAGGGAAUU
hsa-miR-548y,GGCAAAAACAGUGAUUACUUUU
hsa-miR-3939,GACAUCCUGUGGUCUGCGCGUA
hsa-miR-3940-5p,CAGAGCCCGCCCCAACCCAC
hsa-miR-3940-3p,AAGUGGGCUGGGAUCCGGGCUG
hsa-miR-3941,UAUGAUCCUCAGUUGUGUGUAA
hsa-miR-3942-5p,AUUUCAGGUAACAGUAUUGCUU
hsa-miR-3942-3p,AUGUAAUACUGUUAUCUGAAA
hsa-miR-3943,CGCCAAGUGAAGCCUGGGGGCUA
hsa-miR-3944-5p,UCUCGGUUGGCCUGCUGCACA
hsa-miR-3944-3p,CCGGAGCAGCAGGCCAGCCCGAA
hsa-miR-3945,AUAUCAACCCUCUCCUAUGCCCU
hsa-miR-374c-5p,AGCACUUAGCAGGUUGUAUUAU
hsa-miR-374c-3p,AUAUAAUACAACCUGCUAAGUG
hsa-miR-642b-5p,AGACACAUUUGGAGAGGGAACC
hsa-miR-642b-3p,GGGUCCCUCUCCAAAUGUGUCU
hsa-miR-550b-2-5p,UGUCUUACUCCCUCAGGCACAU
hsa-miR-550b-3p,CAGUGCCUGAGGGAGUAAGA
hsa-miR-548z,UGCAAAAGUAAUUGCGGUUUUUG
hsa-miR-548aa,UGGUGCAAAAGUAAUUGUGGUUUUU
hsa-miR-548o-5p,GGCAAAAACCGCAAUUACUUUU
hsa-miR-1268b,CACCCCCACCACCACGCCCG
hsa-miR-378e,UCCUGACUCCAAGUCCAGU
hsa-miR-548ab,AGCAAAAUCCACAAUUACUUUU
hsa-miR-4417,CCCUCCGGGAAGCCCACC
hsa-miR-4418,CUGCUGAGUCCUGCAGUG
hsa-miR-4419a,UGCAGUCUCCUCCCUCA
hsa-miR-378f,CUUCUGGCUCCAAGUCCAGU
hsa-miR-4420,CUCAGCUACAGACAUCAGUGAC
hsa-miR-4421,UAGCUCCUUUCCACAGACAGGU
hsa-miR-4422,UGGGUACUUCCUGAUGCUUUU
hsa-miR-4423-5p,GCAUGGGAACAAAAAGGCAACU
hsa-miR-4423-3p,UUGUUGCUUUUUGGUGCCUAU
hsa-miR-378g,CUUCUGACUCCAAGCCCAGU
hsa-miR-548ac,CAAAAGUAAUUGCCGGUUUUUG
hsa-miR-4424,UAGUCCAUUUUGAGUUAACUCU
hsa-miR-4425,AUGGUCCUGCUGAAUCCCAACA
hsa-miR-4426,AAAGUACGUCCAUCUUC
hsa-miR-4427,ACUCUUCAGACUCUAUUCAGA
hsa-miR-4428,GCUCCAUGUUCCCGUCUCCUUG
hsa-miR-4429,CGCCUCUCAGCCCAGCUUUU
hsa-miR-4430,CUCCGCUCACUCCAGCCU
hsa-miR-548ad-5p,CAAAAACCACAAUUACUUUU
hsa-miR-548ad-3p,UGCAAAAGUCAUUGUCGUUUUC
hsa-miR-4431,ACCUUCUAGUUUUCAGAGUCGC
hsa-miR-4432,AGGCAUCUUGCAGAGUCUUU
hsa-miR-4433a-5p,ACAGGAGUGGGGGGUGGGACG
hsa-miR-4433a-3p,AUGUCCCACCCCCACUCCUGU
hsa-miR-4434,UUCUACUUUACUUCUCCU
hsa-miR-4435,CCUCUGUGUGAGCUCUGGCCAU
hsa-miR-4436a,AUCCACUUCUGCCUGUCCUGC
hsa-miR-4437,AACCUUUGUACCCUGAGCCCA
hsa-miR-548ae-3p,UGAAAGUAAUUGCAGUUUUUG
hsa-miR-548ae-5p,CAAAAACCACAAUUACUUUU
hsa-miR-4438,ACUGUCUUUUCUAAGCCUGUG
hsa-miR-4439,AUGCCUCCAAGGUAUCAGUCAC
hsa-miR-4440,CAAGCCAGCAAGCCCCACGACA
hsa-miR-4441,UACAAUCUCCUCCCUGU
hsa-miR-4442,CCUCCCUCUUGUCCGGC
hsa-miR-4443,AAAACCCACGCCUCCAA
hsa-miR-4444,CGCCUCUUCCAACUCGAG
hsa-miR-4445-5p,UGCACGGCAAAAGAAACAAUCU
hsa-miR-4445-3p,UGGAUUGUUUCUUUUGCCGUG
hsa-miR-4446-5p,GCCAAGGGAAUGGCAGGGAAAU
hsa-miR-4446-3p,ACCCAUGUCACUGCCAGCCCUG
hsa-miR-4447,AAACAACAGCCCCCACC
hsa-miR-4448,UACCCCUAGACCAAGGAGCC
hsa-miR-4449,UGCCUCGCGCAGCCCCGGGACG
hsa-miR-548ag,GCAGAAACCACAAUUACCUUU
hsa-miR-4450,UCACCACUUCUCCAAAUCCCCA
hsa-miR-548ah-5p,CAAACACUGCAAUCACUUUU
hsa-miR-548ah-3p,GCAAAAGUAACUGCAGUUUUUG
hsa-miR-4451,UGUCCUCAGCUCUACCA
hsa-miR-4452,AUCACUUAAGGCCAAGAAUUCAA
hsa-miR-4453,AACCGCUACAGACCAAGCUC
hsa-miR-4454,UGGUGCCGUGACUCGGAUCC
hsa-miR-4455,AAAAACACACACACCCU
hsa-miR-4456,AAAAGGAAGCCACCAGG
hsa-miR-4457,UACGCCAGUCAAUACCUUGUGA
hsa-miR-4458,UUCUUCCACACCUACCUCU
hsa-miR-4459,CUCCACCUCCUCCGCCUCCUGG
hsa-miR-4460,AAGGUAAAUUCACAACCACUAU
hsa-miR-4461,GCCUAGCCCUACUAGUCUCAAUC
hsa-miR-378h,CCAUCUGACACCAAGUCCAGU
hsa-miR-3135b,CACCACUGCACUCGCUCCAGCC
hsa-miR-4462,UUCCCAAGCCACCCUCCGUGUCA
hsa-miR-4463,GGCCCCACCCCAGUCUC
hsa-miR-4464,UAUUGCAUCUAUCCAAACCUU
hsa-miR-548ai,GGGAAAAACUGCAAUUACCUUU
hsa-miR-548aj-3p,UAAAAGUAAUUGCAGUUUUUA
hsa-miR-548aj-5p,CAAAAACUGCAAUUACUUUUGCA
hsa-miR-4465,UCCCCUGGUCAGACUACUUGAG
hsa-miR-4466,CCCCGCCGGCCCGCACCC
hsa-miR-4467,AAGCCCAUAACUACCGCCGCCA
hsa-miR-4468,AUCUCAUCCUUCUGCUCU
hsa-miR-4469,UCCGAGCGACCCUAGAGGGAGC
hsa-miR-4470,UCUCGGCUUCCACGUUUGCCA
hsa-miR-4471,UUAAACCUCUACUAAGUUCCCA
hsa-miR-4472,AAAACAACACCCCCCACC
hsa-miR-4473,UACUUGUAACGGAGAGCACUAG
hsa-miR-4474-5p,UGUGUCUGAUCAUGAGACUAA
hsa-miR-4474-3p,UUAGCCUCAUGACCAGCCACAA
hsa-miR-4475,AUAAUGAAUGCUUGGUCCCUUG
hsa-miR-4476,GCCUGUCCCUAAAUCCUUCCUG
hsa-miR-4477a,GAAUCACAAAUGUCCUUAAUAG
hsa-miR-4477b,AUCAAUCACAAAUGUCCUUAAU
hsa-miR-4478,CUCCUCAGCUCAGCCUC
hsa-miR-3689c,ACCACAAUAUCACACCUCCCAG
hsa-miR-3689d,CGAGUGUGAGAUCACACCUCCC
hsa-miR-3689e,UCCCAGGAACCAUGAUAUCACA
hsa-miR-3689f,UCCCAGGAAGCACGAUAUCACA
hsa-miR-4479,CUGCUCCGAGCACGGCCGCGCG
hsa-miR-3155b,UCCCACUGCAGAGCCUGG
hsa-miR-548ak,UCAAAAACCGCAGUUACUUUU
hsa-miR-4480,UAAAGUAACUUCCACUUGGCU
hsa-miR-4481,AACCACCAGCCCACUCC
hsa-miR-4482-5p,CAUUUCCAUAGCCCACUGGGUU
hsa-miR-4482-3p,GAGCCCCACUGAGAAAUAGAAA
hsa-miR-4483,CAACAACAGACCACCCC
hsa-miR-4484,UGGGGCUUCUCCCGCCUUUU
hsa-miR-4485-5p,UCACUGGGCAGGCGGU
hsa-miR-4485-3p,UUAGGGUACCGCGGCCGUUA
hsa-miR-4486,UGCCAGCCUCGCCCAGC
hsa-miR-4487,CUGCCCUUCAGCCAGCUCU
hsa-miR-4488,CGCCGGAGCCCGCCCCCU
hsa-miR-4489,CGUCCUGCAUCACUAGCCCCA
hsa-miR-548al,UGGUACAAAAGUCAUUGCCGUU
hsa-miR-4490,UAUGCCCAAAUCUCUUACCAGA
hsa-miR-4491,UUUGGUCACACCAGUCCACAUU
hsa-miR-4492,GGCGCGCGCCCAGCCCC
hsa-miR-4493,ACAGAGAUGGAAAGGCCUUCU
hsa-miR-4494,CCUCUGGUCAGCCACAGUCUGG
hsa-miR-4495,AGCAAAAAGCCUGUUUACAUU
hsa-miR-4496,CCCUCUCAGCUUCAGUUUCCUC
hsa-miR-4497,GCCCAGCCGUCCCGGAG
hsa-miR-4498,CAGCACUUGCCCUGCCAGCCCA
hsa-miR-4419b,CCAUCUUCCUUCAGCCUC
hsa-miR-4499,UCCCUCCUCUCAGUCUU
hsa-miR-4500,AAGAAACUACUACCUCA
hsa-miR-4501,UGAUUCAUCCGAGGUCACAUA
hsa-miR-4502,CUUCAGCACCAUCAUCAUCAGC
hsa-miR-4503,UAAAUUCUAUUUCCUGCUUAAA
hsa-miR-4504,CAUGUUCAUCUCUAUUGUCACA
hsa-miR-4505,UCCGUCCCAGCCCAGCCU
hsa-miR-4506,UUGCCUCAGACCACCCAUUU
hsa-miR-2392,CACCUCUCACCCCCAUCCUA
hsa-miR-4507,CCCAGCCCAGCCCAACCCAG
hsa-miR-4508,CGCGCGCCCAGCCCCGC
hsa-miR-4509,AAAACCUUCUAUAUCCUUUAGU
hsa-miR-4510,AACCAUACAUCCUACUCCCUCA
hsa-miR-4511,AGGGCAAAUGCAACAGUUCUUC
hsa-miR-4512,UGGGCGAUACAGUGAGGCCCUG
hsa-miR-4513,AUGGGCCUCCAGCCGUCAGUCU
hsa-miR-4514,UUCCCCAAUCCUGCCUGU
hsa-miR-4515,GGGCUGCCGGGAGUCCAGUCCU
hsa-miR-4516,GCCCCGACCCUUCUCCC
hsa-miR-4517,CUCAGCUGUGAGUUUCAUCAUAUUU
hsa-miR-4518,UCUCAGCACAGUUAUCAUCCCUGAGC
hsa-miR-4519,CAGCCCUGCGCACUGCUG
hsa-miR-4520-5p,UUGGACAGAAAACACGCAGG
hsa-miR-4520-3p,UUCCUGCGUGUUUUCUGUCCAA
hsa-miR-4521,CUGAGCACAGGACUUCCUUAGC
hsa-miR-1269b,CCAGUAGCAUGGCUCAGUCCAG
hsa-miR-4522,ACCGGCCUACAGGCAGAGUCA
hsa-miR-4523,ACAGCCGAGGCCCUCUCGGUC
hsa-miR-4524a-5p,UGAGACAGGUUCAUGCUGCUAU
hsa-miR-4524a-3p,AUAGCAGCAUAAGCCUGUCUCA
hsa-miR-4525,AACCAGCAUGCACAUCCCCCC
hsa-miR-4526,AGCGGCCAGCCCUGCUGUCAGC
hsa-miR-4527,ACAGUCAUCUCUUUGCAGACCA
hsa-miR-4528,GUCCAGAUCAUACAUAUAAUGA
hsa-miR-4529-5p,UUCAUUGGACUGCUGAUGGCCU
hsa-miR-4529-3p,ACGGGCCAUCAGCAGUCCAAU
hsa-miR-4530,CGCUCCCGUCCUGCUGGG
hsa-miR-4531,UCAGAAGCCUUCUCCAU
hsa-miR-4532,CGCCGGGCUCCCCGGGG
hsa-miR-4533,AGCGUCCGGCAACCUCCUUCCA
hsa-miR-4534,AGACCCCUCCUCCAUCC
hsa-miR-378i,CCUUCUGACUCCUAGUCCAGU
hsa-miR-4535,GUCCCAGCCAGGUCCAC
hsa-miR-548am-5p,GGCAAAAACCGCAAUUACUUUU
hsa-miR-548am-3p,ACAAAAGUAACUGCAGUUUUUG
hsa-miR-1587,CCCAACCCAGCCCAGCCCAA
hsa-miR-4536-5p,AUCGUGCAUAUAUCUACCACA
hsa-miR-4536-3p,AUGUGGUAGAUAUAUGCACGA
hsa-miR-548an,CAAAAACCACAAUGCCUUUU
hsa-miR-4537,CAGCUAAGCUCAGCUCGGCUCA
hsa-miR-4538,UCAGCCCAGCUCAUCCAAGCUC
hsa-miR-4539,GCCCAGCUCAGCCCAGUUCAGC
hsa-miR-4540,UAAACCUACAGGCAGGACUAA
hsa-miR-3960,CCCCCGCCUCCGCCGCCGCC
hsa-miR-3972,UGCCCUGGAACGGGGCUGGCAG
hsa-miR-3973,CUAAGGCUAAUGCUGUACUUUGU
hsa-miR-3974,GCAUUAACCUUACAAUGACCUUU
hsa-miR-3975,GUGAAGUAGUGCAUUAGCCUCA
hsa-miR-3976,ACAUUAAUCUUCCUGCUCUCUAUA
hsa-miR-3977,UAAGGUUAAUUACGAUGAAGCAC
hsa-miR-3978,ACACCCUGGAUGCAUGCUUUCCAC
hsa-miR-4632-5p,UCCGCCACACCCACGCUGCCCUC
hsa-miR-4632-3p,CUAGAGCAGCGAGAGGGCGGCA
hsa-miR-4633-5p,GAGGAGCUAGCCAGGCAUAU
hsa-miR-4633-3p,UGCAUAUGCCUGGCUAGCUCCU
hsa-miR-4634,CCCCGGGCCGGUCGCGCCG
hsa-miR-4635,UUGCGGGUUCUGACUUCAAGA
hsa-miR-4636,CUAAAGGCUUUGAACACGAGUU
hsa-miR-4637,UCACUUGAAUCUGCAGUUAGUA
hsa-miR-4638-5p,ACUUGUCCACCGCAGCCGAGU
hsa-miR-4638-3p,CGGCCGGCUGAGCGGUGUCCAGG
hsa-miR-4639-5p,UCAAUCUCAGCCUACUUAGCAA
hsa-miR-4639-3p,GCAAAGCAAGGUGAGAGUGA
hsa-miR-4640-5p,CCCACCAGCUGCUCCCUGGCCCA
hsa-miR-4640-3p,GUGGGCCAGGAAACAGGGGGUG
hsa-miR-4641,UGAGGCAAAAGUAUGGCAUGGGCA
hsa-miR-4642,AGCCACCAGGGGACGAUGCCAU
hsa-miR-4643,UUAGCAUUUAUGGUCAUGUGUC
hsa-miR-4644,CUUCUGUCUCUUUUCUCUCUCCA
hsa-miR-4645-5p,ACAAUAUUUCUUGCCUGGU
hsa-miR-4645-3p,AACCAGGCAAGAACUACUGUCU
hsa-miR-4646-5p,UCCCUCAGCUCCUCUUCCCAGU
hsa-miR-4646-3p,CUGGGAAGGGAGAGGGACAAU
hsa-miR-4647,UUCCUCAGCACAGCACCAUCUUC
hsa-miR-4648,CUCCCAUUUGCAGUCCCACA
hsa-miR-4649-5p,CUCUGAGAGCCCACCCCUCGCCCA
hsa-miR-4649-3p,UGGGGAGAGGCAGGCCUCAGA
hsa-miR-4650-5p,AAGGUAGAAAGAGGCCUGA
hsa-miR-4650-3p,AUGUCAGGCCUCAUUCUACCU
hsa-miR-4651,GCCCGACCUCACCCACCCCG
hsa-miR-4652-5p,UAGUUCUAUUAACCAGUCCCCU
hsa-miR-4652-3p,UGAGGGGAUGGGUUAACAGAAC
hsa-miR-4653-5p,GGUGUUAAGCCUUGCUCAGAGA
hsa-miR-4653-3p,UCUCCAAGCAACCCUUAACUCCA
hsa-miR-4654,CCAGAUGCCUCCAGAUCCCACA
hsa-miR-4655-5p,CGACCCUCUGCCAUCCCCGGUG
hsa-miR-4655-3p,CCCCGGGGACCUGACGAGGGU
hsa-miR-4656,ACAGGCCUCCUGCCCUCAGCCCA
hsa-miR-4657,AUGCCUCAGACCACUUCCACAUU
hsa-miR-4658,AUUCCUCCAGGAUCCACACUCAC
hsa-miR-4659a-5p,GUUUUCUUCUUAGACAUGGCAG
hsa-miR-4659a-3p,CGUUGCCAUGUCUAAGAAGAAA
hsa-miR-4660,CUCCAUUUUCCACCAGAGCUGCA
hsa-miR-4661-5p,GUCAGGAUCCACAGAGCUAGUU
hsa-miR-4661-3p,UGGACUAGCUCUGUGGAUCCUG
hsa-miR-4662a-5p,CUAAAGAUGGACAAUUGGCUAA
hsa-miR-4662a-3p,AUUUAGCCAAUUGUCUAUCUUU
hsa-miR-4659b-5p,UUCUUCUUAGACAUGGCAA
hsa-miR-4659b-3p,AGCUGCCAUGUCUAAGAAGAAA
hsa-miR-4663,ACUGCACGUCCAUGGAGCUCAGCU
hsa-miR-4662b,AUUUAGCCAAUUGUCCAUCUUU
hsa-miR-4664-5p,AACUUGCGGAGUGGGCACCCCA
hsa-miR-4664-3p,GACGGGGCUCACAGACCGGAAG
hsa-miR-4665-5p,GCUCGCGCUCACGCGUCCCCCAG
hsa-miR-4665-3p,GGCGGGGGCUACGCGCCGCGGCCGAG
hsa-miR-4666a-5p,GGCAUACAAUCUGACAUGUAU
hsa-miR-4666a-3p,AAAUACAUGUCAGAUUGUAUG
hsa-miR-4667-5p,GGUUCUCCUUCUGCUCCCCAGU
hsa-miR-4667-3p,CUGUGGGGACAGAAGGAGGGA
hsa-miR-4668-5p,GACAAAUCCUUUUUUUUUUCCCU
hsa-miR-4668-3p,CUGGAAAAACAAAAAGGAUUUUC
hsa-miR-219b-5p,CGAGAAUUGUGGCUGGACAUCU
hsa-miR-219b-3p,ACUGAUUGUCCAAACGCAAUUCU
hsa-miR-4669,CCUCCUCCACUUCCCGGACACA
hsa-miR-4670-5p,UGAAGUUACAUCAUGGUCGCUU
hsa-miR-4670-3p,AAGCGACCAUGAUGUAACUUCA
hsa-miR-4671-5p,AGAUUAGCGCACAGUCUUCGGU
hsa-miR-4671-3p,AGACCAAAGACUAUGCACUAA
hsa-miR-4672,UGCCUCUGUCCAGCUGUGUAA
hsa-miR-4673,UCCAGUCCGGCUCCUGCCUGGA
hsa-miR-4674,AGCCGCGCGUCCCGAGCCCAG
hsa-miR-4675,CCUGCUGGUCAAUCACAGCCCC
hsa-miR-4676-5p,UCACUGUCUCACCACUGGCUC
hsa-miR-4676-3p,AAGAGCCAGUGGUGAAACAGUG
hsa-miR-4677-5p,UGGCUGAAAGACCAAAGAACAA
hsa-miR-4677-3p,AGUAGUUCUUUGGUCUCACAGA
hsa-miR-4678,UCAUAAGUCUGAACAAUACCUU
hsa-miR-4679,AGCAAAGAAUCUCUAUCACAGA
hsa-miR-4680-5p,ACAUCUAAGACUGCAAGAGUUCU
hsa-miR-4680-3p,UAACAACUCUUACAAUUCAGA
hsa-miR-4681,AGAUACAGCCUGCAUUCCCGUU
hsa-miR-4682,AGACCAGGCUCCAGGAACUCAGA
hsa-miR-4683,AUCGGGCGAGCACUGGAUCUCCA
hsa-miR-4684-5p,UAUGUUGCAAGUCAGUAGAGAG
hsa-miR-4684-3p,ACGUCUCCACCGACUUGCAACA
hsa-miR-4685-5p,AACCUUGCCCCACUCCAAGCCCUGGG
hsa-miR-4685-3p,CUAGCCAGGGCAGGAAGGGAGA
hsa-miR-4686,AACACCAGAAAGCCCAGCAGAUA
hsa-miR-4687-5p,UUUGGGUGCGGGAGGAGGGCUG
hsa-miR-4687-3p,GCCUGCCCCCUCCAACAGCCA
hsa-miR-1343-5p,CCCACCCGGGGGCCGCUCCCCA
hsa-miR-1343-3p,GCGAGAGUGCGGGCCCCAGGAG
hsa-miR-4688,CCCAGGUCCUCUGCUGCCCCUA
hsa-miR-4689,GGCCCCCACCAUGUCUCCUCAA
hsa-miR-4690-5p,UUCAGCCCAGCCUCGCCUGCUC
hsa-miR-4690-3p,CAGAGGCCUCAGCUGGGCUGC
hsa-miR-4691-5p,CCGCAGCUCAUGGCCUGGAGGAC
hsa-miR-4691-3p,AUGCACUCUCAGUCCGUGGCUGG
hsa-miR-4692,AUCUGAUACCCACACUGCCUGA
hsa-miR-4693-5p,UGUGACAGUGAAAUUCACAGUAU
hsa-miR-4693-3p,AAAUACUGUGAAUUCCACUCUCA
hsa-miR-4694-5p,GCAAAUGGAUAGGAUAACACCU
hsa-miR-4694-3p,AGGUGUUAUCCUGUCCAUUUG
hsa-miR-4695-5p,CCUGCUCGCCCACUGCCUCCUG
hsa-miR-4695-3p,GAAGGAGGCAGCGGUGAGAUCA
hsa-miR-4696,AGAUGACAGUAUCCGUCUUGCA
hsa-miR-4697-5p,CACGUCAGUGACUGCGCCCCCU
hsa-miR-4697-3p,ACCAAGGGGCAGGAGUCACUGACA
hsa-miR-4698,UGGGGUCUUCCUCUACAUUUUGA
hsa-miR-4699-5p,GGAACUUACUCUGCAAUCUUCU
hsa-miR-4699-3p,GGAGAAGAUUGCAGAGUAAAUU
hsa-miR-4700-5p,ACACACUGUCCUCAUCCCCAGA
hsa-miR-4700-3p,CACUGGGGUGAGGAGUCAGUCCUGUG
hsa-miR-4701-5p,AAGGGGUAGGUGUGGUGGCCAA
hsa-miR-4701-3p,ACACCACACCCAUCACCCAU
hsa-miR-4703-5p,ACUAUAUUUGUACUGUAUUGCUA
hsa-miR-4703-3p,GUGGCAAUACAAUACAACUACA
hsa-miR-4704-5p,AAUCACUCACAUGCCUAGUGUC
hsa-miR-4704-3p,UAGACACUAGAUAUGUGACUGA
hsa-miR-4705,ACAGCAAUUACCAAGUGAUUGA
hsa-miR-4706,AAGCAGCGCCCACUUCCUCCCCGCU
hsa-miR-4707-5p,CCAGAACCCGCCCGCGCCGGGGC
hsa-miR-4707-3p,AGAACCUCGGCUGGGGCGGGCU
hsa-miR-4708-5p,AAGGAGCAAGGCGGCAUCUCU
hsa-miR-4708-3p,AUCAGAGAGAUGCCGCCUUGCU
hsa-miR-4709-5p,UUGGAGAGCAAGUCACUGUUGU
hsa-miR-4709-3p,GCUACAGAGCACCUCCUCUUCAA
hsa-miR-203b-5p,UGUGAAAUGUUUAGGACCACUA
hsa-miR-203b-3p,UCCAGUGGUUCUUAACAGUUCAA
hsa-miR-4710,AACCACCUGCCCUCACCC
hsa-miR-4711-5p,CUCAUGUCUUCUGGCCUGAUGCA
hsa-miR-4711-3p,AUCAAGCCAGAAGACACG
hsa-miR-4712-5p,GAAAUGAGAGACCUGUACUGGA
hsa-miR-4712-3p,AUACAGUACAGGUCUCUCAUU
hsa-miR-4713-5p,UGGGAGCCUGGUAGUGGGAGAA
hsa-miR-4713-3p,UUCUCCCACUGUCUGGAUCCCA
hsa-miR-4714-5p,AUCAACCUAAGGGGUCAGAGUU
hsa-miR-4714-3p,CAACUCUGACCACCUAGGUUGG
hsa-miR-4715-5p,CCACCUUAACUGCAGCCAACUU
hsa-miR-4715-3p,AUUGGCUGCAGUUAAGGUGGCAC
hsa-miR-4716-5p,AGAAGGGGGAAGGAAACAUGGA
hsa-miR-4716-3p,UCUCCAUGUUUCCUUCCCCCUU
hsa-miR-3529-5p,AACAACAAAUCCCAGUCUACCU
hsa-miR-3529-3p,UGGAAGACUAGUGAUUUUGUUGUU
hsa-miR-4717-5p,ACACAUGGGUGGCUGUGGCCUA
hsa-miR-4717-3p,AGGCCACAGCCACCCAUGUGU
hsa-miR-4718,UGCUUGGUUUCAGGUACAGCU
hsa-miR-4719,CCUGCAUAUUAUAGAUUUGUGA
hsa-miR-4720-5p,AAGUUAUACCAAAUAUGCCAGG
hsa-miR-4720-3p,AUACUUGGUACAACUUAAGCA
hsa-miR-4721,CCACCGUCACCUGGAGCCCUCA
hsa-miR-4722-5p,CAACCUGGCACAGCCCUCCUGCC
hsa-miR-4722-3p,CUGCAGGGAGGUGCUGGCAGGU
hsa-miR-4520-2-3p,ACCUGCGUGUUUUCUGUCCAAA
hsa-miR-4723-5p,UGCUCUUAUCUCAUGGCUCCCCCA
hsa-miR-4723-3p,UUUGGGGAGGAGCCAGAGAGGG
hsa-miR-451b,AAUGGUAAUGGUUCUCUUGCUA
hsa-miR-4724-5p,CGAAGCUCACUCCUGGUUCAGUU
hsa-miR-4724-3p,ACUAGCUGAACCAGAAGGUAC
hsa-miR-4725-5p,GGUGGGAAGGCUGCAGGGUCU
hsa-miR-4725-3p,CCCGACACUGACGCCUUCCCCA
hsa-miR-4726-5p,CCACUCCAGGCUCCUCUGGCCCU
hsa-miR-4726-3p,UGCGGCCAGAGGGAACCUGGGU
hsa-miR-4727-5p,CCACUGUGGAAGCUGGCAGAU
hsa-miR-4727-3p,GAAUCUGCCAGCUUCCCACUAU
hsa-miR-4728-5p,UGCUUGCUGCCUCUCCCCUCCCA
hsa-miR-4728-3p,CUGGGGCAGGAGGGAGGUCAGCAUG
hsa-miR-4729,UAGCUUCCCAACAGAUAAAUGA
hsa-miR-4730,UGGCAUGGAAUGGGCUCCGCCAG
hsa-miR-4731-5p,CACACUCAUGUGGCCCCCAGCA
hsa-miR-4731-3p,AGUGUUGGGGGCCACUUGUGUG
hsa-miR-4732-5p,AGCUUCCUGCUCCCUGCUCUACA
hsa-miR-4732-3p,CAGAACAGGACAGGUCAGGGC
hsa-miR-4733-5p,CACCGGGUCUAGCAUUGGGAUU
hsa-miR-4733-3p,AUCCCAAUGCUAGACCUGGUGG
hsa-miR-4734,CGCCCUGACCGCAGCCCGCAGC
hsa-miR-4735-5p,UACCGAAGGUGUUCAAAUUAGG
hsa-miR-4735-3p,AUGUCUAAUUUGAGCACCUUU
hsa-miR-4736,CAGCCCAGAUAACCUGCCU
hsa-miR-4737,CACUGUCAGCAUCCUCGCAU
hsa-miR-3064-5p,UUGCACACCACAACAGCCAGA
hsa-miR-3064-3p,UGUAAGGUGUUGCAGUGUGGCAA
hsa-miR-4738-5p,AUGAAACUGAAAACGCGCUGGU
hsa-miR-4738-3p,UCCUCCAGGCGCUCCAGUUUCA
hsa-miR-4739,AGGGCCCCUCCGCUCCUCCUCCCUU
hsa-miR-4740-5p,CCUGCCCGAGAGGAUCAGUCCU
hsa-miR-4740-3p,GCAGGGACGGAUCCUCUCGGGC
hsa-miR-4741,AGCCGACCCCUCCGGACAGCCCG
hsa-miR-4742-5p,UCUGUAAAUAUCCCUUUGCCUGA
hsa-miR-4742-3p,CUGCAGGCAAAGGAGAAUACAGA
hsa-miR-4743-5p,AUGCCUCCUGUCCCAUCCGGCCA
hsa-miR-4743-3p,CUGGACCAGAAAAGACAGAAA
hsa-miR-4744,CAUAGCGAAGUCUAGUCUUUAGA
hsa-miR-3591-5p,UCAAACGCCAUUAUCACACUAAA
hsa-miR-3591-3p,GUGGAGUGUGACAAUGGUGUUU
hsa-miR-4745-5p,CGCCGUCCCGGGAGCCCCACUCA
hsa-miR-4745-3p,GACCGUGAGACGUCGCCGGGCCA
hsa-miR-4746-5p,UCUGCAGGUUCUCCUGGGACCGG
hsa-miR-4746-3p,UCGGCCCGCAGGAGCACCGCU
hsa-miR-4747-5p,CUAAGACCAAGCCUCCUUCCCU
hsa-miR-4747-3p,CUGGGAGGAAAGCCCGGGCCUU
hsa-miR-4748,AGCAAAUCCUCCCCAAACCUC
hsa-miR-4749-5p,GAUGCCCUGGCCUGUCCCCGCA
hsa-miR-4749-3p,CUGUGGGGGCAGGAGGGGCG
hsa-miR-4750-5p,CACUCAACCACCUCCGCCCGAG
hsa-miR-4750-3p,CUGCGGGAGGGGGUGGGUCAGG
hsa-miR-4751,CCUUCUAGCAGCUACGGGUCCUCU
hsa-miR-4752,AGCACAUCCUUGAGAUCCACAA
hsa-miR-4753-5p,CUGUUCUCUUCCUUUGGCCUUG
hsa-miR-4753-3p,ACACAAGGCUAAAGAAAGAGAA
hsa-miR-371b-5p,AAAGUGCCGCCAUCUUUUGAGU
hsa-miR-371b-3p,GCACUCAAACUGUGGGGGCACUU
hsa-miR-4754,ACUCCGCUAACCCAGGUCCGCAU
hsa-miR-4755-5p,AAAGCCAGGCUCUGAAGGGAAA
hsa-miR-4755-3p,ACUUUCCCUUCAGAGCCUGGCU
hsa-miR-499b-5p,UGAACAUCACAGCAAGUCUGU
hsa-miR-499b-3p,UGUUAAGACUUGCAGUGAUGUU
hsa-miR-4756-5p,AGCAGAGAGUGAGCGCCUCCCUG
hsa-miR-4756-3p,AUAGGAAGGCAACCAUCUCUGG
hsa-miR-4757-5p,ACACCGUGACGUCACAGAGGCCU
hsa-miR-4757-3p,GCGAAGCCUCUGUGACGUCAUG
hsa-miR-4758-5p,CAGCCCCACCGGCUCCCACUCAC
hsa-miR-4758-3p,GAGGGUGGUCAGCAGGUGGGGCA
hsa-miR-4759,UAAUUCCAACAUCUAGUCCUA
hsa-miR-4760-5p,CUAACUUCAUGUUCAAUCUAAA
hsa-miR-4760-3p,GGUUUAGAUUGAACAUGAAUUU
hsa-miR-4761-5p,GGUCAGGCAUGCACACCUUGU
hsa-miR-4761-3p,GGACAAAGUGCGCAUGCCCUC
hsa-miR-4762-5p,AGGCUUCUGAUCAAGAUUUGG
hsa-miR-4762-3p,CACCACAAAUCUUGAUCAGAAG
hsa-miR-4763-5p,AGCAGGAGGGCUGGGCAGGCG
hsa-miR-4763-3p,CCCGCCCAGCACCAGCCCCUGCCU
hsa-miR-4764-5p,AGAUAACUCCUUCCACAUCCA
hsa-miR-4764-3p,CCAUGGGUGUGAAAGGAGUUAA
hsa-miR-4765,GAACAUAGCUAUCAAUCACUCA
hsa-miR-4766-5p,AACACCAACUGCUCUUUCAGA
hsa-miR-4766-3p,UUCCAAAAGAGCAAUUGCUAU
hsa-miR-4767,GGCGGCGGCCAGGAGCGCCCGCG
hsa-miR-4768-5p,AUCCAUGGGAUCCAGAGAGAAU
hsa-miR-4768-3p,AUUCUCUCUGGAUCUCCUGG
hsa-miR-4769-5p,CUCAUACCUUCUCUCCAUCCCACC
hsa-miR-4769-3p,GUAGGGGAGGGAGGAUGGCAGA
hsa-miR-4770,AGCUACAGUGUCAUCUCA
hsa-miR-4771,UAAUUGUAGGUCAAGUCUGCU
hsa-miR-4772-5p,AGUCUGCAAUUUUGCCUGAUCA
hsa-miR-4772-3p,UCUGAUCAGGCAAAGUUGCAGG
hsa-miR-4773,GCCUUUCUAUGCUCCUGUUCUG
hsa-miR-4774-5p,UUAUUACCUACUACAUACCAGA
hsa-miR-4774-3p,UUCUGGCACAUGUUAGGCAAU
hsa-miR-4775,AGUGACCGAAACAAAAAAUUAA
hsa-miR-4776-5p,AGCCCUUGCCAUCCUGGUCCAC
hsa-miR-4776-3p,AUGCAGUGGACCAGGAUGGCAAG
hsa-miR-4777-5p,UAUAUAUAUCUCUCAUCUAGAA
hsa-miR-4777-3p,UACAGCAUUCUAGAUGAGGUAU
hsa-miR-4778-5p,CCUCUUCUUCCUUUACAGAAUU
hsa-miR-4778-3p,UCAACUCUGCAAAGGAAGAAGA
hsa-miR-4779,CUGCUUUUACUAUUCCCUCCUA
hsa-miR-4780,GCUAGGGAUCAGGCUCAAGGGU
hsa-miR-4436b-5p,GGCAGGGCAGGCAGAAGUGGAC
hsa-miR-4436b-3p,UUGUCCACUUCUUCCUGCCCUG
hsa-miR-4781-5p,CCAAUAUUGGAAUCCCCGCUA
hsa-miR-4781-3p,CUCUAGCGAGGAUUCCAACAUU
hsa-miR-4782-5p,UUGAUUGUCUUCAUAUCCAGAA
hsa-miR-4782-3p,GUUCUAGAUAUGAAGACAAUCA
hsa-miR-4783-5p,AGCCCGGGAGCUGGGCGCGCC
hsa-miR-4783-3p,GCAGACGCGCCCCAACACCGGGG
hsa-miR-4784,UCAGUCCCAGCAUCUCCUCA
hsa-miR-4785,GCUGGCGGCGUCGCCGACUCU
hsa-miR-1245b-5p,UUUAAGUGAUCUAAAGGCCUA
hsa-miR-1245b-3p,UAUAGGCCUUUAGAUCAUCUGA
hsa-miR-2467-5p,GAGCCAAGGCUAACAGAGCCUCA
hsa-miR-2467-3p,CCUGAGCCUCUCUGCCUCUGCU
hsa-miR-4786-5p,GGUGCAUCCAGUCCUGGUCUCA
hsa-miR-4786-3p,GCCCAGACCAGAGCUGGCUUCA
hsa-miR-4787-5p,GGGAUGCCGCCGCCACCCCCGC
hsa-miR-4787-3p,GCGCGGGGCAGUGGGCGGCGCAUC
hsa-miR-4788,GCCUCCCUUAGCUGGUCCGUAA
hsa-miR-4789-5p,CAUACACAUAUCAGGUGUAUAC
hsa-miR-4789-3p,UAUAUACACCUGCUAUGUGUG
hsa-miR-4790-5p,AACAUGAAUGGUAAAGCGAU
hsa-miR-4790-3p,UGUGACAUCGCUUUACCAUUCA
hsa-miR-4791,UUUCAGUCAUCAUAUCCA
hsa-miR-4792,GCCAGCGAGCGCUCACCG
hsa-miR-4793-5p,CCUCUGCCCUGUGGAGCAGGAUGU
hsa-miR-4793-3p,AGCCAGCCAACUCACAGUGCAGA
hsa-miR-4794,ACAGUCUCGUGAGAUAGCCAGA
hsa-miR-4795-5p,UCAAUAUUAUUAGCCACUUCU
hsa-miR-4795-3p,AUCCAGAAGUGGCUAAUAAUAU
hsa-miR-4796-5p,GUAAAGUGACAGAGUAUAGACA
hsa-miR-4796-3p,GUGUCUAUACUCUGCCACUUUA
hsa-miR-4797-5p,UUCAGUAAGUGGCACUCUGUC
hsa-miR-4797-3p,ACAGAGUGCCACUUACUGAGA
hsa-miR-4798-5p,CCAAUUCACAAAGUAUACCGAA
hsa-miR-4798-3p,ACUUCGGUAUACUUCGUGAGUU
hsa-miR-4799-5p,GACUGGCAUGCUGCAUUUAGAU
hsa-miR-4799-3p,UAUAUAAAUGCAGCAUGCCAGU
hsa-miR-4800-5p,UCCUUCCUUCCUCGGUCCACU
hsa-miR-4800-3p,GUGGACAGACGGACGGAUG
hsa-miR-4801,UGAGCCUUGGUUUUCUUGUGUA
hsa-miR-4802-5p,AACAUGGUCUAGAACCUCCAUA
hsa-miR-4802-3p,GCUUGAAGGUUUCCAUCCAUGUA
hsa-miR-4803,UCAAUCCACACUAUUAUGUUA
hsa-miR-4804-5p,UUGCUUAACCUUACCGUCCAA
hsa-miR-4804-3p,UUUCGAGGGCAAGGUUAAGCA
hsa-miR-4999-5p,UCACUACCUGACAAUACAGCA
hsa-miR-4999-3p,ACUGUAUUGUCAGGUAGUGA
hsa-miR-5000-5p,ACUCAGGAACACUUCUGAACUG
hsa-miR-5000-3p,UCCAAGUUCAGAAGUGUCCUGA
hsa-miR-5001-5p,AGCUCCGCCGCUGAGUCCAGCCCU
hsa-miR-5001-3p,AAGGACCUGGACAGAGGCAGAA
hsa-miR-5002-5p,ACUAAGUGCCUCAGAAACCAAAUU
hsa-miR-5002-3p,AAGUGGUCAGUGAGGCAGUCA
hsa-miR-5003-5p,UCUACCCUGCAAGGUUGUUGUGA
hsa-miR-5003-3p,CCCCAACAACCUAGAAAAGUA
hsa-miR-5004-5p,UCGUGAAUUUGCCCUGUCCUCA
hsa-miR-5004-3p,CUGAGGCCCAGGAAAAUCCAAG
hsa-miR-548ao-5p,UGCAAAAACCGUAGUUACUUCU
hsa-miR-548ao-3p,UGCAAAAGUAGUCACGGUCUUU
hsa-miR-5006-5p,UUCCACCUCCUGCCCUGGCAA
hsa-miR-5006-3p,CUGCCAGGAUGGAAAGGGAAA
hsa-miR-5007-5p,AAACCAUAUCAGCCAGACUCUA
hsa-miR-5007-3p,AUUAGAGUUUGGUUCAUAUGAU
hsa-miR-548ap-5p,AAAGACCGCAAUUACUUUU
hsa-miR-548ap-3p,AAAAGUAAUUGUGGUUUUU
hsa-miR-5008-5p,CCACUGUGCCCCAAGGGCCUCA
hsa-miR-5008-3p,GCGAGGCCCUGGGAGCACAGG
hsa-miR-5009-5p,AUCCCCAAAUCUGAAAAAGUCCAA
hsa-miR-5009-3p,UUUUGGACUUUCAGAUUUAGGA
hsa-miR-5010-5p,AAUUUUGCUCUGCCAUCCCCCU
hsa-miR-5010-3p,CUGGGGAAUGGGAGACACAAAA
hsa-miR-5011-5p,GAGUGCAUGGCUGUAUAUAUA
hsa-miR-5011-3p,UGUUAUAUAUACAGCCAUGCAC
hsa-miR-5047,ACCUUACAACCGCAGCUGCAA
hsa-miR-5087,CAUGCCAGCAAAGCUACAAACCC
hsa-miR-5088-5p,CCUCCAUCCAAUCCCUGAGCCCUG
hsa-miR-5088-3p,UGAGGGCCCAGGAAGAAGGGA
hsa-miR-5089-5p,GAUGCUACUCAGAAAUCCCAC
hsa-miR-5089-3p,UCAGUGGGAUUUCCGAGUAGCAU
hsa-miR-5090,CACCCUACACCAAUCUGCCCCGG
hsa-miR-5091,CAGCACAGUCUUGUCGUCUCCGU
hsa-miR-5092,GAUGCCAAGCUCAGCGUGGAUU
hsa-miR-5093,GCUCCUAGCCAGCCUCAUUUCCU
hsa-miR-5094,AGGUUCAAGGCAUUCACUGAUU
hsa-miR-5095,CGCGGUGGUUCACGCCUGUAA
hsa-miR-1273f,CACUGCAACCUCCAUCUCC
hsa-miR-1273g-5p,ACUUACUGCAGCCUCAACCACC
hsa-miR-1273g-3p,CUCAGGCUGGAGUGCAGUGGU
hsa-miR-5096,GCCUGACCAACAUGGUGAAAC
hsa-miR-5186,ACCUGAUUUCUACCAAUCUCU
hsa-miR-5187-5p,UCCACUUCAAUCCCUCAUCCCA
hsa-miR-5187-3p,CUGAGGAAAAGAGGAUUCAGU
hsa-miR-5188,CUCCGGUUUAAAUGGGUCCGAUU
hsa-miR-5189-5p,CCUGUCCAUCCGCCUGUGCCCAGA
hsa-miR-5189-3p,UCUGGGCUCUGACGGUUGGCA
hsa-miR-5190,UGGCUCCAGCUCAGUCACUGG
hsa-miR-5191,AGCACUUCAUUCUUCCUAUCCU
hsa-miR-5192,ACCACCUGGAAUCCACUCUCCU
hsa-miR-5193,ACUGGGAUGAGGUAGAGGAGGA
hsa-miR-5194,CCAUCCCAUUCCAAACCCCUCA
hsa-miR-5195-5p,CCAUCCAGUUGCCUUAGGGGUU
hsa-miR-5195-3p,AGCCCCCUCAGAGAACUGGAU
hsa-miR-5196-5p,CCCAACCCUCGUCCCCUUCCCU
hsa-miR-5196-3p,CUGGGAGGGAGACGAGGAUGA
hsa-miR-5197-5p,UCAAGAAUGAGUUUGUGCCAUUG
hsa-miR-5197-3p,AUUCGAUGACUCAGUCUCUUCUU
hsa-miR-4524b-5p,GAGACAGGCUUAUGCUGCUAU
hsa-miR-4524b-3p,UAGCAGCAUGAACCUGUCUC
hsa-miR-5571-5p,GGGAGGCUCCUUUGAGAAUUG
hsa-miR-5571-3p,CAGAGGAGCCUCCUAGGAC
hsa-miR-5100,AGAGGCACCGCUGGGAUCUGAA
hsa-miR-5572,AGCAGACCCCUGCACCCCAAC
hsa-miR-548aq-5p,GGCAAAAACAGCAAUUACUUUC
hsa-miR-548aq-3p,GCAAAAGUAAUUGCAGUUUUUG
hsa-miR-548ar-5p,GCAAAAACUGCAAUUACUUUU
hsa-miR-548ar-3p,GCAAAAAUAACUGCAGUUUUA
hsa-miR-548as-5p,GGCAAAACCCGCAAUUACUUUU
hsa-miR-548as-3p,ACAAACAUAAUUGUGGGUUUUA
hsa-miR-5579-5p,GUUAGCUUAAGGAGUACCAUA
hsa-miR-5579-3p,GAUCUGGUACUCCUUAAGCUAA
hsa-miR-664b-5p,UACCCAAUCAUCUCCCUUAGCCCA
hsa-miR-664b-3p,UGUAGGCUGGGAGGCAAAUGAA
hsa-miR-5580-5p,ACACAUAUGAAAUGAGCCAGCA
hsa-miR-5580-3p,GUGCUGGCUCACUUCAUAUGUG
hsa-miR-5581-5p,UCUCCAUUUCUCCUGGAAGGCU
hsa-miR-5581-3p,GGAACUUCUAGGAGGCAUGGAA
hsa-miR-548at-5p,AGCCAAAACCGCAAUAACUUUU
hsa-miR-548at-3p,ACAAAAGUUACUGCGGUUUUG
hsa-miR-5582-5p,GCUAUAACUUUAAGUGUGCCUA
hsa-miR-5582-3p,CCUAGGCACACUUAAAGUUUUA
hsa-miR-5583-5p,CAGAAUAUGGGUAUAUUAGUUU
hsa-miR-5583-3p,CCAAACUAAUAUACCCAUAUUC
hsa-miR-5584-5p,UCUAGUUCUUCCCAUUUCCCUG
hsa-miR-5584-3p,AAUUGGGCAAAGGGAAGAACUA
hsa-miR-5585-5p,CUCUCGAGUAGCUGGUACUUCA
hsa-miR-5585-3p,ACCUGUAGUCCCAGCUAUUCAG
hsa-miR-5586-5p,GCAUAUAGUAACAAGCUGGAUA
hsa-miR-5586-3p,CUUUAACCAGCUUGUCACUCUG
hsa-miR-5587-5p,AGUCCCGGAGGUGACCAU
hsa-miR-5587-3p,GAUGAUCACACUGCCCGGGGC
hsa-miR-548au-5p,GCAAAAACCGCAAUUACUUUU
hsa-miR-548au-3p,CUGGUGCAAAAGUAACUGCCA
hsa-miR-1295b-5p,AUUAGGCCGCAGAUCUGGGUG
hsa-miR-1295b-3p,UUGCCCAGAUCCGUGGCCUAUU
hsa-miR-5588-5p,AAAAGUCCCACUAAUGCCAGU
hsa-miR-5588-3p,GCUGGCAUUAGUGGGACUU
hsa-miR-5589-5p,ACUGCACAAGAGCACCCAGCC
hsa-miR-5589-3p,UGGGAGCUAGGUUGCCAUGUGCA
hsa-miR-5590-5p,AAUAAAGUCUAUGUAUGGCAA
hsa-miR-5590-3p,UUGCCAUACAUGAACUUUAUU
hsa-miR-5591-5p,AUACCCAUAGCUUAGCUCCCA
hsa-miR-5591-3p,UGGGAGCUAAGCUAUGGGUAU
hsa-miR-548av-5p,AAAUCCGCAAGUACUUUU
hsa-miR-548av-3p,GCAAAAGUAACUGCAGUUUU
hsa-miR-5680,GCAGAUUAGUCCAGCAUUUCUC
hsa-miR-5681a,AAGAGGUAUUGCCACCCUUUCU
hsa-miR-5682,ACCUUAUCCUGCAAGGUGCUAC
hsa-miR-548aw,AACCGUGAUGACUUUUGCAC
hsa-miR-5683,GAAGUCAGAGAAUCUGCAUCUGUA
hsa-miR-5684,CUGUUGCUCAGGCUAGAGUU
hsa-miR-548ax,UGGCAAAACCGCAAUUACUUCU
hsa-miR-5685,CCCGUGAUAACUGCUGGGCUGU
hsa-miR-5692c,GUACACCUACUGUGAUAUUAUU
hsa-miR-5687,AUUUGACCCUAAAACGUUCUAA
hsa-miR-5688,GCUGUUUUACAGGUGUUUGUUA
hsa-miR-5681b,ACUAGAAAGGGUGGCAAUACCU
hsa-miR-5689,UCUAGGACUACAGGUGUAUGCU
hsa-miR-5690,CCUAAUAGAGGUAGUAGCUGA
hsa-miR-5691,GCUUUCUCGGAGCUCAGAGCAA
hsa-miR-5692a,ACACCCACUGUGGUAUUAUUUG
hsa-miR-4666b,GGGAAUUACAAUCUGACAUGCAA
hsa-miR-5693,GAGUUCAUUUCAGAGCCACUGC
hsa-miR-5694,CUGAGACAGUCCCAUGAUCUG
hsa-miR-5695,CUGUCUAGAUUCUUCUUGGAGU
hsa-miR-5696,GGCAUCAGACUACUUAAAUGAG
hsa-miR-5697,CCUUUAUCAUGAAACUACUUGA
hsa-miR-5698,CCACAAUCACUGCACUCCCCCA
hsa-miR-5699-5p,CUUGUCCUUCCUUGUUGGGGCA
hsa-miR-5699-3p,GCUCCAACAAGGAAAGACAGGA
hsa-miR-5700,CCUUCAAUAAUUUAAUGCAUUA
hsa-miR-5701,AAUCAGAACGUGACAAUAA
hsa-miR-5702,CAUGGGAUAUGUUGCUGACUCA
hsa-miR-5703,ACCUUCCCGACUUCUCCU
hsa-miR-5692b,ACACCUACUGUGAUAUUAUU
hsa-miR-5704,GCAUAAUGGGAUGAUGGCCUAA
hsa-miR-5705,CACAGGCCAUGAGCCCCGAAACA
hsa-miR-5706,AGCUUCAGCAUGUUAUCCAGAA
hsa-miR-5707,GCCUUGUACAGCAUUCAAACGU
hsa-miR-5708,GGUCAGGCACAGUCGCUCAU
hsa-miR-5739,GCUCCCCAUUCUCUCUCCGC
hsa-miR-5787,ACCUCCCCGCGCCCCAGCCC
hsa-miR-1199-5p,CUGCGCGGCCCGGGCUCAGG
hsa-miR-1199-3p,GCAGGUUGAGCACCGGCCGCA
hsa-miR-6068,CCACCGCCGGAGACUCGCAGG
hsa-miR-6069,GGGGGCAGCAGGCCCUAGCCC
hsa-miR-6070,CUCCAGGGACUGGAACCGG
hsa-miR-6071,GCCUUGGCCGGCAGCAGAA
hsa-miR-6072,CUAAGGUGCAGUGUGAUGAGGA
hsa-miR-6073,GUAGCUGAUAACUCACUACC
hsa-miR-6074,CCACCUAGCCUCUGAAUAUC
hsa-miR-6075,CACCAAUGCCGCCUGGGCCGU
hsa-miR-6076,CCACCUCUCCUCUGUCAUGCU
hsa-miR-6077,GAAGGCCGUACAGCUCUUCCC
hsa-miR-6078,CCACAGCUAGCUCAGGCGG
hsa-miR-6079,CAGCUAGUUGGUCCAAGCUUCCAA
hsa-miR-6080,CGGGAACGCCCGCACUAGA
hsa-miR-6081,GGCGCCUUGGCCGGCACUGCUCCU
hsa-miR-6082,GGAUCAACCAGACGUAUUC
hsa-miR-6083,CCCACAGCCUCUGAUAUAAG
hsa-miR-6084,CCGGCCACCGACUGGCGGAA
hsa-miR-6085,UGUGCUCCCCCAGCCCCUU
hsa-miR-6086,CUCUGCCCUUCCCAACCUCC
hsa-miR-6087,GCUCGCCCCCCCGCCUCA
hsa-miR-6088,CGCCCCCCCGCUUCAUCUCU
hsa-miR-6089,CCGCCCCGCCCCACCCCGGCCUCC
hsa-miR-6090,GCCCCGCCCCUCGCUCCCC
hsa-miR-6124,UCCUCCCCCUUCCUUUUCCC
hsa-miR-6125,UCCGCCGCUCCGCCUUCCGC
hsa-miR-6126,UCUCCGCCGGGCCUUCAC
hsa-miR-6127,CCUCCCACCCACUCCCUCA
hsa-miR-6128,UUUUGACUCCAAUUCCAGU
hsa-miR-378j,UUCUGGCUCCAAAUCCAGU
hsa-miR-6129,UAUACACCCAACUCCCUCA
hsa-miR-6130,CAUACAAUCCACUCCCUCA
hsa-miR-6131,CACUCCCAUCUGACCAGCC
hsa-miR-6132,UGCAAUCCCCAGCCCUGCU
hsa-miR-6133,UACCCAACCUCCUCCCUCA
hsa-miR-6134,UCUACAUCCUACCACCUCA
hsa-miR-6165,CUCCCCUCACCUCCUGCUG
hsa-miR-6499-5p,ACUGCAGUGCUCUUGCGCCCGA
hsa-miR-6499-3p,UGUGGGCAAAACAAACACUGCU
hsa-miR-548ay-5p,GCAAAAACCACAAUUACUUUU
hsa-miR-548ay-3p,UGCAAGAGUAAUCGCGGUUUUG
hsa-miR-6500-5p,GGACACCUGGAGUGGAUAGCUCCU
hsa-miR-6500-3p,GCAGGUCAUCCCAACAAGUGU
hsa-miR-548az-5p,GCAAAAACCACAAUCACUUUUG
hsa-miR-548az-3p,GCAAAAGUGAUUGCAGUUUUU
hsa-miR-6501-5p,ACCAAAGGCAGCCCUGGCAACU
hsa-miR-6501-3p,ACUGUUACCGCAGGCUGCUCUGG
hsa-miR-6502-5p,GGUCAACAAUCUUUCUAGAGCU
hsa-miR-6502-3p,AUACUCUAGAAAGAUGGUCUA
hsa-miR-6503-5p,UCUGGGGAUUUGAAUGCAGACCU
hsa-miR-6503-3p,GGAGGUCUGCAUCCUAGUCCC
hsa-miR-6504-5p,CUGCAUUACAGCACAGCCAGA
hsa-miR-6504-3p,AGAAUGGCUGUGCUGUAAUG
hsa-miR-6505-5p,GCUGAGAUAUCCCCUAUUCCAA
hsa-miR-6505-3p,CUUUGGAAGAGGUAGAAGUCA
hsa-miR-6506-5p,ACCAUAUUCAGUGACAUCCCAGU
hsa-miR-6506-3p,GUGUCUGGAAUCUCUGAUACGA
hsa-miR-6507-5p,ACAAAGUCCCUCCUAUUCUUC
hsa-miR-6507-3p,GGGAAAAAUAGGAAGGACUUUG
hsa-miR-6508-5p,GGUGGGUCAUGCAUUUCUAGA
hsa-miR-6508-3p,AGUUCUAGAAAUGCAUGGCCCA
hsa-miR-6509-5p,GUUCCACUGCCACUACCUAAU
hsa-miR-6509-3p,AAAUUAGGUAGUGGCAGUGGAA
hsa-miR-6510-5p,GACUCCUCUCUCUCCCCUGCUG
hsa-miR-6510-3p,CUGCAGGAGACAGAGUCGGUG
hsa-miR-6511a-5p,CCUGUCAGCCCCACUUCUGCCUG
hsa-miR-6511a-3p,GCAGGCAGAAGGGAUGGUGAGG
hsa-miR-6512-5p,UCUUCCAGCUCUUCUAAUGGUA
hsa-miR-6512-3p,CCUACCAUUAGAAGGGCUGGAA
hsa-miR-6513-5p,AGACAUGUGGCGUCAAUCCCAAA
hsa-miR-6513-3p,CUAGGGACAGAUGACACUUGA
hsa-miR-6514-5p,GCCAGCUGAAAGUCCACUCCAUA
hsa-miR-6514-3p,CUGGAGUGGAAGAACAGGCAG
hsa-miR-6515-5p,GAUGUCUUCCACACCCUCCAA
hsa-miR-6515-3p,CUGGGGGGUAGAUGAAGAGA
hsa-miR-6715a-3p,CCACAGGCACGACUGGUUUGG
hsa-miR-6715b-5p,UGCCAAACCAGUCGUGCCUGU
hsa-miR-6715b-3p,CCACAGGCACAGCCGGUUUGAG
hsa-miR-6716-5p,GGCCCUUACCCCCAUUCCCA
hsa-miR-6716-3p,GCAGAGGAAUGGAGAGUUCGGA
hsa-miR-6717-5p,UCUCUACAUCCCCACAUCGCCU
hsa-miR-6511b-5p,UGUCAGCCCCACUUCUGCCUGCAG
hsa-miR-6511b-3p,UGCAGGCAGAAGGGGUGGUGAGG
hsa-miR-6718-5p,UCAUAAGCCCUCUGACCACUA
hsa-miR-6719-3p,CAGGAGAAUCACUGAUGUCAGA
hsa-miR-6720-5p,CGCGGCGCCUACCAGGGCUGGAA
hsa-miR-6720-3p,UCUACCAGUUCCUGCAGGCGCG
hsa-miR-6721-5p,CUCCUACAAUAAGCCCCUGCCCA
hsa-miR-6722-5p,GCAUGUGGUCGGGUGCGCCU
hsa-miR-6722-3p,CCUGGCCCACCCGACCCCUGCA
hsa-miR-6723-5p,GCCCCGACGUUACUCGGACUAU
hsa-miR-6724-5p,CCCCACGCCCGCCGCGGGCCCAG
hsa-miR-892c-5p,UGACUGGCACCUUUCUGAAUA
hsa-miR-892c-3p,UCCACUCAGAAAGGAAACAGUG
hsa-miR-6726-5p,ACCUGCAGACCCCAGCUCCCG
hsa-miR-6726-3p,CUAGCGGGAGACAGGGCGAG
hsa-miR-6727-5p,CGCUCCCAGCCGCCUGCCCCGAG
hsa-miR-6727-3p,CUGCGGAGGAGGUGGCAGGA
hsa-miR-6728-5p,CCCCUCUGGUCCUACCAUCCCAA
hsa-miR-6728-3p,CUGGGGAGAGCAGAGCAGAGA
hsa-miR-6729-5p,GCCGCUCAGCCGCCCUCGCCCA
hsa-miR-6729-3p,CUGAGAGGGCGAGGGGGAUGA
hsa-miR-6730-5p,UCUGACAACCCCUCCACCUUUCU
hsa-miR-6730-3p,UGAGGGCAGAUGGGGUGUCAGG
hsa-miR-6731-5p,UCCACAAUACCCUGCUCUCCCA
hsa-miR-6731-3p,CUGGGGAGAGUGGGGAAUAGA
hsa-miR-6732-5p,GGCCAGCCUGCCACCCCCUA
hsa-miR-6732-3p,CUGGGAGGGAGAGGACAGGGUUA
hsa-miR-6733-5p,AACUCUGAGUUUGUCUUUCCCA
hsa-miR-6733-3p,CUAGGAAAUCCAGACACUGA
hsa-miR-6734-5p,UCUCCACCUCAUUCUCCCCUCAA
hsa-miR-6734-3p,CUGAGAGAAGAGUGAGGGAAGGG
hsa-miR-6735-5p,UCAGAUUCCUGUGCCCUCUGCCCUG
hsa-miR-6735-3p,CUGAGGGAGGAGCCACAGGCCU
hsa-miR-6736-5p,ACCACAGAUGCCCUCACCCAG
hsa-miR-6736-3p,CUGUGGGUAGAGAGGAGCUGA
hsa-miR-6737-5p,CUCCAGGGCCGACCACCCCAA
hsa-miR-6737-3p,CUGGGUAGGGGUGAAGCACAGA
hsa-miR-6738-5p,CCCCUGUGCUCUUCUACCCCUCG
hsa-miR-6738-3p,CUGGGAGUAGAAUGCAGGCAGAAG
hsa-miR-6739-5p,UACUUGUUCUUUCUCUUUCCCA
hsa-miR-6739-3p,CUGGGAGAAAGACAGAACAAU
hsa-miR-6740-5p,UCUCCUCUCUCCAUCCCAAACU
hsa-miR-6740-3p,CUGUUUGGGAGGAGAGAAGACA
hsa-miR-6741-5p,CACGGCUCCCACCAGCACCCAC
hsa-miR-6741-3p,CUAGGGUGAGGGAGAGAGCCGA
hsa-miR-6742-5p,AACAGCUGGGUCCCACCCCACU
hsa-miR-6742-3p,CUAGAGGGGACAACCCAGGU
hsa-miR-6743-5p,GGGCCACCCGUCCCUGCCCCUU
hsa-miR-6743-3p,UGUGGGCAGGGAGAAGAGCGGCU
hsa-miR-6744-5p,AGGCCUCCACUGUCAUCCA
hsa-miR-6744-3p,CUGCAGGAUGACAAGAGAGGCCC
hsa-miR-6745,AACCAGACCUUCUUCCACCCA
hsa-miR-6746-5p,CCAGGCCACCUCCUUCUCCCGG
hsa-miR-6746-3p,CUGUGGAGACAGGCGGCGGCUG
hsa-miR-6747-5p,UGUUCUGCCUCUUUCCACACCCCU
hsa-miR-6747-3p,CUGGUGCAGAGGAAGGCAGGA
hsa-miR-6748-5p,AAUCCAGUCCUUCCCACCCACA
hsa-miR-6748-3p,CUGUAGGAGACAGGGACAGGA
hsa-miR-6749-5p,GCUCCCCCAACCCCAGGCCCGA
hsa-miR-6749-3p,CUGGGCCAGGCAGGGGAGGAG
hsa-miR-6750-5p,AGCAGCUCACCCAGCUGUUCCCUG
hsa-miR-6750-3p,CUGGGAGCAGAGGGUGAGUUC
hsa-miR-6751-5p,CCAGACACCAACCUCACCCCCAA
hsa-miR-6751-3p,CUGGAGAGAGAGAGGCUCAGU
hsa-miR-6752-5p,GCCCCCUGGCUCCACACCCCCC
hsa-miR-6752-3p,CUGGGAGUAUGGGGGCAGGGA
hsa-miR-6753-5p,UCAGCCCUGCUCUGCCCUGGUG
hsa-miR-6753-3p,GUGCCAGGGCAGAGACAGACCA
hsa-miR-6754-5p,UCCUCCAAACCAGCCUCCCUGG
hsa-miR-6754-3p,UGCAGGCAGAGGCAGGUGAAGA
hsa-miR-6755-5p,AACGUUGUCAGUGUCUACCCUA
hsa-miR-6755-3p,CUAGGGAAAAAACAUGACAACA
hsa-miR-6756-5p,AGCCCCACCUCCAGCCCCACCCU
hsa-miR-6756-3p,CUGGGCAGGGAGGAAGGGGA
hsa-miR-6757-5p,UCAUCCUGGCCUCCCAUCCCUA
hsa-miR-6757-3p,UGGGGAUAGCAAGGCCAGUGUU
hsa-miR-6758-5p,ACAUCACAUCCUUCCCCUCUCUA
hsa-miR-6758-3p,CUGGACAGAGGAGAAUGAGU
hsa-miR-6759-5p,ACAGACUUCUGCCCACCCACAA
hsa-miR-6759-3p,CUGAGGGGAGAGGCAAAGGUCA
hsa-miR-6760-5p,UCUGCACUUCCACCUUCUCCCUG
hsa-miR-6760-3p,CUGGGGAGAAGGGGACAGUGU
hsa-miR-6761-5p,CUGCCAUCGAGCUCUCUCAGA
hsa-miR-6761-3p,GGAGUGAGAGAGCAGCGUAGGA
hsa-miR-6762-5p,ACACAGGCUGCUCCAUGGCCCCG
hsa-miR-6762-3p,CUGGAGACCAAGGGAAGCAGCCA
hsa-miR-6763-5p,CUCCCCAGCCACUCCCCAG
hsa-miR-6763-3p,CUGGGGGCAGAGGCCGGGGAG
hsa-miR-6764-5p,CAACUCUGACCAGACCCUGGGA
hsa-miR-6764-3p,CUGUCAAGGAAAGACCAGAGA
hsa-miR-6765-5p,ACACACCCUCCUGGCCCCGCCUCAC
hsa-miR-6765-3p,CUGGGCGGGCCAGCCAGGUGA
hsa-miR-6766-5p,CUCAAUAAGAUCUGCUCCCACCCG
hsa-miR-6766-3p,UGAGGGUGGGGGAAGACAAUCA
hsa-miR-6767-5p,UCUCCAUGUGUCCCUGUCUGCGA
hsa-miR-6767-3p,CUGCGGAAAGAGAAGCACGUGG
hsa-miR-6768-5p,CAGGGCCCCGCUUUUCCUGUGUG
hsa-miR-6768-3p,GUGCACAGGAGAAUGUGGCCUUUG
hsa-miR-6769a-5p,AGGGCUCCUCCAUACCCACCU
hsa-miR-6769a-3p,CUGGAGAGCAGAGAGGGGCUC
hsa-miR-6770-5p,UCACGUGCAAGCUGUGCCUUCUCA
hsa-miR-6770-3p,CUGUGAAGACACAGCCGCCAG
hsa-miR-6771-5p,GCCUGGCCCAUGCCCUCCCGAG
hsa-miR-6771-3p,CUGCGGGUAGACAGGGGUUUG
hsa-miR-6772-5p,CCUCAGCUCCAGCCUACACCCA
hsa-miR-6772-3p,UGUGGGCACAGAGUCAGGAGCAA
hsa-miR-6773-5p,AUCCUGUUUACUCCUGGGCCCAA
hsa-miR-6773-3p,CUAUGGGCAGAGAAGUGACAGU
hsa-miR-6774-5p,CAUACAGGGUCCCUCCUGCCCAAGU
hsa-miR-6774-3p,CUGUGGACAAGAGGGACACGA
hsa-miR-6775-5p,CCAGCCUCCCUCCCCCAUGCCCCGA
hsa-miR-6775-3p,CUGGGGCAGAGGACAGGGCCU
hsa-miR-6776-5p,AACCCCCACUGCACCCAGA
hsa-miR-6776-3p,CUGGGGAGAGACAGUGGUGGUUG
hsa-miR-6777-5p,UCCACCACUGCCUGACUCCCCGU
hsa-miR-6777-3p,CUGGGGGCCAGGAGAGUGGA
hsa-miR-6778-5p,ACCUGCCUCCUGUCCUCCCACU
hsa-miR-6778-3p,CUGUGGAAUGUCAGGGAGGCA
hsa-miR-6779-5p,GCCAAACCCAGCCCCUCCCAG
hsa-miR-6779-3p,AGAUGGGAGGAGACAGGGCUU
hsa-miR-6780a-5p,UCUCCAGCUGUCUUCCCUCCCAA
hsa-miR-6780a-3p,CUAGGAAAGAAAACAGAGGAG
hsa-miR-6781-5p,ACGCCCUUGACCUCCGGCCCG
hsa-miR-6781-3p,CUGAGGCCGUGGAAAAGAGGCA
hsa-miR-6782-5p,ACACCCCUGAAUUCCCCCACCCCUA
hsa-miR-6782-3p,UGCAGGAUGGGGACACAAAGGUG
hsa-miR-6783-5p,CCGGAUCAGGACUUUUCCCCUA
hsa-miR-6783-3p,CUACAGAGGAGAAGCCCAGGAA
hsa-miR-6784-5p,CCCUCACCCAAAGCCCCGGC
hsa-miR-6784-3p,CUGGGGCAGAGUUGGGGUGAGA
hsa-miR-6785-5p,CACCAUCAUCCACGCCCUCCCA
hsa-miR-6785-3p,CUGGGGAAGGUGGGGCGAUGU
hsa-miR-6786-5p,ACGCCCCUCCGGCCCCACCGC
hsa-miR-6786-3p,AGGCAGAAUCAGAAGGGGCGUCA
hsa-miR-6787-5p,GCAGCCAGCUCUACCCCCGCCA
hsa-miR-6787-3p,CUGGAGAGGGCAGCAGCUGAGA
hsa-miR-6788-5p,UCUUCACCACUCUUCUCCCAG
hsa-miR-6788-3p,CUGCAGGGAGGGAAGUGGCGAA
hsa-miR-6789-5p,CCCGCGCGCCCGGGACGCCCCUAC
hsa-miR-6789-3p,CUGGAGGAGACACGGGCGCCG
hsa-miR-6790-5p,AACCCCGCCAAAUCCACACUCAC
hsa-miR-6790-3p,AGUGAGGGGUCGCCGAGGUCG
hsa-miR-6791-5p,UCCGCCUGCCCAGCCCCAGGGG
hsa-miR-6791-3p,CUGCCGGAGACCAAGGAGGCA
hsa-miR-6792-5p,UCACCCAGAGCCCCUGCUUAC
hsa-miR-6792-3p,AUGAGCAGGGGCUGUGGAGGAG
hsa-miR-6793-5p,UCACCCCAACCCAGAACCCACA
hsa-miR-6793-3p,CUGCGGGCAGGGGUUGGGGA
hsa-miR-6794-5p,GCUCACCCCCAGUCCCCCUG
hsa-miR-6794-3p,AGGGAGGGACUGAGAGUGAG
hsa-miR-6795-5p,ACAGCCUCUCAUCCUGUCCCCCCA
hsa-miR-6795-3p,CUGGGGGAAGAAACGAGGGGU
hsa-miR-6796-5p,CAGCCAGCUCUCCAACCCCACAA
hsa-miR-6796-3p,CUGCGGGGAGGGGAGAGCUUC
hsa-miR-6797-5p,UCCUGUUCUCAGCCCCUUCCCUCCU
hsa-miR-6797-3p,GUGGGGAGGGAAGGGUCAUGCA
hsa-miR-6798-5p,CCCAAGCUCGCCCAUCCCCCUGG
hsa-miR-6798-3p,CUACAGGGGGAUGGGGGGUAG
hsa-miR-6799-5p,CCAGCCCUGCACACCUCCCC
hsa-miR-6799-3p,CUGUGGGGACACCAUGCAGGGCA
hsa-miR-6800-5p,CCGCCCCUGACUGUCACCUAC
hsa-miR-6800-3p,GGGGCGAUGCCAGGAGAGGUG
hsa-miR-6801-5p,UCAUUUCCUGCUGCCUCUGACCA
hsa-miR-6801-3p,GGCCAGUGAGUGGCAGGGGU
hsa-miR-6802-5p,GCUUCAAGCCCCCCACCUAG
hsa-miR-6802-3p,CUGCUUAGGUGAGAGGGGUGAA
hsa-miR-6803-5p,ACGCCCAGCCCCCCACCCCCAG
hsa-miR-6803-3p,CUGAGGGUGAGAAGGCGAGGGA
hsa-miR-6804-5p,CGUCACCUGCUGACACCCUCA
hsa-miR-6804-3p,CUGUGGGUGAGAGGCAGGUGCG
hsa-miR-6805-5p,ACACUCCACAAGCCGCCCCCUA
hsa-miR-6805-3p,CUGGGGGCGGGGGAGCAGAGCAA
hsa-miR-6806-5p,CCUGGGCCCUGCCUCAUGCCUACA
hsa-miR-6806-3p,CUGCAGGAAUGUCAGAGCUUCA
hsa-miR-6807-5p,CCUCUCCAUUCCACUGGCUCAC
hsa-miR-6807-3p,CUGGGCCAAGCAGGAAUGCAGUG
hsa-miR-6808-5p,CAUGGUCCCACCUCCCUGCCUG
hsa-miR-6808-3p,CUGCAGGAACGGUGGUCACAC
hsa-miR-6809-5p,UGAUCCUCUUCUUUCCUUGCCA
hsa-miR-6809-3p,CUGGGAAGGAGAGAAGAGAAG
hsa-miR-6810-5p,GCCAUGCUGAUCCCUGUCCCCAU
hsa-miR-6810-3p,CUGGGGAACAAGGGAGCAGGGGA
hsa-miR-6811-5p,AGUGCUGUACACAGGCCUGCAU
hsa-miR-6811-3p,CUGCAGGGACAAGCACAGGCU
hsa-miR-6812-5p,GCUGCUCCUCCCCAUCUCACCCCAU
hsa-miR-6812-3p,CUGGGGUCAGGGGAAGAGCGG
hsa-miR-6813-5p,AGAACCUGAAACCCCAGCCCCUG
hsa-miR-6813-3p,CUGGGGAGAGGGGCCAAGGUU
hsa-miR-6814-5p,UGGCAGCAUCUCACCCUUGGGA
hsa-miR-6814-3p,CUGCCAAGGGAAGGAUGCGAGU
hsa-miR-6815-5p,AAUGACUCCUCCGGCGCCACCUA
hsa-miR-6815-3p,CUGGGUGUGCAAGAGAAGCCA
hsa-miR-6816-5p,GCAGGGACCUGCCCCGCCCCA
hsa-miR-6816-3p,CGAAGGUGCAGGUCCUUC
hsa-miR-6817-5p,CCACUCCAAGCUUCCUAUGGCAGA
hsa-miR-6817-3p,UGCCAUGGAGUCAGAGAGA
hsa-miR-6818-5p,GAUGCUCUCUGUACUCACACAA
hsa-miR-6818-3p,CUGUGUGAGGAACAAGAGACAA
hsa-miR-6819-5p,GCUCCUUGGCCCUCCACCCCAA
hsa-miR-6819-3p,CUGGGGUGGGGACAGAGGCUU
hsa-miR-6820-5p,UGACCCCAGCUCUGCCGCA
hsa-miR-6820-3p,CUGUGGCAGGGGAGAAGUCACA
hsa-miR-6821-5p,CCCCGCCUCGAGCCACCACGCAC
hsa-miR-6821-3p,CUGUGCGGAGCGGAGAGGUCA
hsa-miR-6822-5p,AAGCCCCAACUGGUUCCCUG
hsa-miR-6822-3p,UGCAGGGAAAGCCAGUUAGAGCCU
hsa-miR-6823-5p,AGCAACCCCUACCAACCCUGA
hsa-miR-6823-3p,CUGGAGGGAAGGAGAGGCUCA
hsa-miR-6824-5p,UCCCUGGCCCAACCUCCCCUAC
hsa-miR-6824-3p,CUGGGGUGGCAAGACCAGAGA
hsa-miR-6825-5p,AUGCUGACUCCACACCUCCCCA
hsa-miR-6825-3p,UGCGGAGAAGGCGGGUCAGCGC
hsa-miR-6826-5p,AGGUCCCACCUCUUUCCUAUUGA
hsa-miR-6826-3p,CUGAACAGGAAAGAGAGGGGAG
hsa-miR-6827-5p,GCACAGACCCUCAUGGCUCCCA
hsa-miR-6827-3p,CUGGGGAACAGAAGAGACGGU
hsa-miR-6828-5p,CCACAGGGUUCUCUUGCUUCCU
hsa-miR-6828-3p,CUGGGAACAAGAGAGCAGAU
hsa-miR-6829-5p,UGCCCCUUCUCAGCAGCCCA
hsa-miR-6829-3p,CUGAGGCCACGGAGGAGGCA
hsa-miR-6830-5p,GAUGUCCAGCCUCCUUCCUUGG
hsa-miR-6830-3p,CUGCAAGGGAGAGAAGAAAGACA
hsa-miR-6831-5p,GACCUCCUCCUCACACUCUACCUA
hsa-miR-6831-3p,CUGUAGAGUGGGAGUUAGUCA
hsa-miR-6832-5p,GACCCUAACUUUUCCUCUCUACU
hsa-miR-6832-3p,CUGGGAAAGAGAAAAAGGGU
hsa-miR-6833-5p,UUUCUCCUCCCAUCUUCCACAC
hsa-miR-6833-3p,CUGAGGAAGUGGAGAGAGAAA
hsa-miR-6834-5p,CCACAAAUCCCAGUCCCUCAC
hsa-miR-6834-3p,UGAUGGAGGGAUGGGACAUA
hsa-miR-6835-5p,CUUCAGCCACUUUCUACCCCCU
hsa-miR-6835-3p,CUGGGAGACAGAAAAGUGCUUUU
hsa-miR-6780b-5p,UCUUCCCUGCCAAGCCUUCCCCA
hsa-miR-6780b-3p,CUAGGGAAAGGAGACAAGGGA
hsa-miR-6836-5p,AUGCCUGCGCCAGGGCCCUGCG
hsa-miR-6836-3p,CUGCGGGGCCGGGGGAGGCAU
hsa-miR-6837-5p,ACAUUCCCUGCUGGCCCUGGU
hsa-miR-6837-3p,CUGCAGCAGAGUCACAGUGAAGG
hsa-miR-6838-5p,AGGAGUCUUGCCACUGCUGCUU
hsa-miR-6838-3p,CUGCAACAGAAGCAGGACUU
hsa-miR-6839-5p,UGGGUCGUCUCUUCAAUCCAGA
hsa-miR-6839-3p,CUGGAUUGAAGAGAAAACCCAA
hsa-miR-6840-5p,AUCUGCAGGUCUUUGCCCGGGGGU
hsa-miR-6840-3p,CACCCCGCACAAAGUCCUGGGC
hsa-miR-6841-5p,ACAACUUGCUCUGAGUACCCUA
hsa-miR-6841-3p,CUGGGGAUGCAGAUGCAAGGU
hsa-miR-6842-5p,CCUUGGCUAGAGACCACCCCCA
hsa-miR-6842-3p,CUGCGGAGCAGAGACCAGCCAA
hsa-miR-6843-3p,CUGCAGAGAACAGGAGACCAU
hsa-miR-6844,CUGUGAAUUAAAAACAAAGAA
hsa-miR-6845-5p,GCUCUCUGCUCUGGCCCCG
hsa-miR-6845-3p,CUGGGGCACAGGGAGGAGAGG
hsa-miR-6846-5p,ACUCUACCCCAUCCAGCCCCCA
hsa-miR-6846-3p,CUAGGGAGACAGAAGGGGUCA
hsa-miR-6847-5p,GCUCACACUCCACUGUCCUCUGU
hsa-miR-6847-3p,GAAGAGGACAGACACAUGAGCC
hsa-miR-6848-5p,ACCAUGGCCCAUCCCAGCCCCCA
hsa-miR-6848-3p,CUGGGGGCCAAGAGACCAC
hsa-miR-6849-5p,UCCACACACUCCCCUAUCCACUC
hsa-miR-6849-3p,CUGGAGGUGGACACAGGCUGGU
hsa-miR-6850-5p,CGCCCCGGCCAGCGUUCCGCAC
hsa-miR-6850-3p,AGUGCGGCGUUCCGGCCGGG
hsa-miR-6851-5p,GCUGGCCCCUAGUACCACCUCCU
hsa-miR-6851-3p,CUGGAGGGGUACAAAGGGCCA
hsa-miR-6852-5p,CAUGUCCUCAGAACCCCAGGG
hsa-miR-6852-3p,CUGAGGAACAGAGGACA
hsa-miR-6853-5p,CUGACUUCAUGGACAUCCCACGCU
hsa-miR-6853-3p,CUGCGCAGGGUUCCAAUGAACA
hsa-miR-6854-5p,UCAGCAGUUCUCAAACCUGAGCUU
hsa-miR-6854-3p,CUGCUCAAGAGGAGAAACGCA
hsa-miR-6855-5p,GCAAUGUCUGCACCCCAAACCCCAA
hsa-miR-6855-3p,CUGUGGGGUUGAAGGUCAGUCU
hsa-miR-6856-5p,CCACAGCACCACUGCUCCUCUCUU
hsa-miR-6856-3p,CUGGAAAGAUCACAGGGCUGUA
hsa-miR-6857-5p,ACUGGCCUGACCCAAUCCCCAA
hsa-miR-6857-3p,CUGUGGGGAGAAGCUCAGUCA
hsa-miR-6858-5p,GUCCCUGCCAGCCCCUCCUCAC
hsa-miR-6858-3p,AGGGGUGAGCAGGGGCUGGCUG
hsa-miR-6859-5p,UGUCCUGAGCCCAUGUUCCUCUC
hsa-miR-6859-3p,CUACAGAGGCGACAUGGGGGUCA
hsa-miR-6769b-5p,GCACUUCUCCUCCCCACCCACCA
hsa-miR-6769b-3p,CUAUGGGUGGGACAGAGAGGG
hsa-miR-6860,ACUCACCACAGCCCUGCCCAGU
hsa-miR-6861-5p,CCUGGAGCCCCACCUACCCAGU
hsa-miR-6861-3p,CUGGGGAGGAGAGGUCCA
hsa-miR-6862-5p,AAAGUCUCUCCCAGCAUGCCCG
hsa-miR-6862-3p,AGAGGGCCAGAGAGCUGGGUGAGG
hsa-miR-6863,CACUCAAUCCUUCACCACGUCUA
hsa-miR-6864-5p,GGCAUAUCUGACUUGUCCCUUCAA
hsa-miR-6864-3p,CUGAAGGGAGAGAAGUCUCAC
hsa-miR-6865-5p,UGAAGUCCCUCCUCUGCCACCUA
hsa-miR-6865-3p,GGCGGUAGGGAAAGAGGGUGU
hsa-miR-6866-5p,AGAAUCUCUAUUCCAGCCUCUAA
hsa-miR-6866-3p,CUAGAGGACAGAUAAAGGGAUC
hsa-miR-6867-5p,UCCCUUCUUCCUCUACACACACA
hsa-miR-6867-3p,CUAGUGGGUAAAGAGGGAGAG
hsa-miR-6868-5p,GCUGCUUCAGUGUUCUGCCAGU
hsa-miR-6868-3p,CUGCACAGACAACAGAAGGAA
hsa-miR-6869-5p,GCCGCCGCGCGCCACUACUCAC
hsa-miR-6869-3p,GCUGAGCCGAUGCGCGCGGCG
hsa-miR-6870-5p,UCAACCCCCAUCUCCCCCA
hsa-miR-6870-3p,CUGAAAGGAGAUGGGGAUGAGC
hsa-miR-6871-5p,GCAACCACCCCGAACUCCCAUG
hsa-miR-6871-3p,CUGUGGGAGCCACAGGGUGCUG
hsa-miR-6872-5p,CCUUGCCUCCUGAUGCGAGA
hsa-miR-6872-3p,GACCGCGGCAGGAGGCAUGGG
hsa-miR-6873-5p,AUUGCCCUCUGUAUUCCCUCUG
hsa-miR-6873-3p,CUGAGAGAGAAAGACAGAGAGAA
hsa-miR-6874-5p,GCCUGAUCUGGUUCCAGCUCCAU
hsa-miR-6874-3p,CUAGAGUCAGAACAGCAGAACUG
hsa-miR-6875-5p,UCUCCUGUCCUGGGUCCCUCA
hsa-miR-6875-3p,AUGGAGCCAGGGCAGGAAGAAU
hsa-miR-6876-5p,UGAACUGCCUGUCUCCUUCCUG
hsa-miR-6876-3p,CUGAGAAGGAAAACACAGACAGCU
hsa-miR-6877-5p,GCAGCUUCCACCCUUCGGCCCU
hsa-miR-6877-3p,GGAGGCCAAGGGCAGAGGCUG
hsa-miR-6878-5p,CUUCAGCUUCUAGCUUUCUCCCU
hsa-miR-6878-3p,CUAGGAGAAAGAAGAGGCCAG
hsa-miR-6879-5p,CUCUCCCACCUUCCCUGCCCUG
hsa-miR-6879-3p,CUGGGCAAGGAGCGGGUGACA
hsa-miR-6880-5p,GAGCUGCCCUCUUCCUCCACCA
hsa-miR-6880-3p,CUGGGGGAGGAGAGAAGGCGG
hsa-miR-6881-5p,UGACCCUCCUAUCCUUACCCCA
hsa-miR-6881-3p,AGUGGGAAGGACGAAAGAGGAU
hsa-miR-6882-5p,CUGCUUCAGCUCCUGACUUGUA
hsa-miR-6882-3p,CUGCAGGCAAGAGGAGAGGCAGCA
hsa-miR-6883-5p,ACAUCCAUACCACACCCUCCCU
hsa-miR-6883-3p,CUGAGGAGAGUGAGAUAGGGAA
hsa-miR-6884-5p,CAACAUCACCUUCUCAGCCUCU
hsa-miR-6884-3p,AGGGGAGACGGAAAGGUGAUGGG
hsa-miR-6885-5p,GGCUUUGCUUGCGCAGUGCCCCCCU
hsa-miR-6885-3p,CUAGGGGAGCAGGAAGCAAAG
hsa-miR-6886-5p,AGCCCUCAUCUCACCUGCGGG
hsa-miR-6886-3p,AGGCAGGAGGAGAGAAGGGCA
hsa-miR-6887-5p,UGUCCUCUCCAUCUGUCCCCCCA
hsa-miR-6887-3p,CUAGGAGGAAAGUGGAGGGGA
hsa-miR-6888-5p,AUCUGCCUGAGCAUCUCCUU
hsa-miR-6888-3p,CUGGAAACAAUCGAGACAGAU
hsa-miR-6889-5p,AUUCCGGACCCCAGACUCCCCGA
hsa-miR-6889-3p,CUGGGAAGUAGGGGCACAGA
hsa-miR-6890-5p,CCUACUCUGCCCUACCCCAUG
hsa-miR-6890-3p,CUGUGGGGCAUAGGCAGUGG
hsa-miR-6891-5p,CCCCUCAUCCCCCUCCUUA
hsa-miR-6891-3p,GAAAGGAGGGGAAGAUGAGGG
hsa-miR-6892-5p,UCCUACUCUCCGGUCCCUUAC
hsa-miR-6892-3p,CUGCAAGGGGUGGGAGAGGGA
hsa-miR-6893-5p,GCUCCACCCUACACCUGCCUG
hsa-miR-6893-3p,CUGGCAGGUGAAGGCAGCAGGG
hsa-miR-6894-5p,UCUGGCCCAGCUCUCCAUCCUCCU
hsa-miR-6894-3p,CUGGAGGAAGAGGGCAGGCAA
hsa-miR-6895-5p,CUUACUCUGUGCCUGGCCCUG
hsa-miR-6895-3p,CUAAGGCCAAGGGCGAGAGACA
hsa-miR-7106-5p,CCCAAGAUCCCCUCCUCCCA
hsa-miR-7106-3p,CUGGGACAGGGAUUCAGGGAGCU
hsa-miR-7107-5p,CCCUUCCUCCUCCCCAGGCCGA
hsa-miR-7107-3p,GGCCAAAAAGAGAGAAUGAACAGACCA
hsa-miR-7108-5p,CCACCCGCCUGCCGGCCACAC
hsa-miR-7108-3p,CUGUGGGGAGACGGGCGGGU
hsa-miR-7109-5p,AGCAGGGUCUCCUCCCCCCAG
hsa-miR-7109-3p,CUGGAAGGGCAGGAGAGGCUUG
hsa-miR-7110-5p,CUCUCUCUCCCCACACCCCCA
hsa-miR-7110-3p,CUGCAGGGAAGUGGGAGAGAGA
hsa-miR-7111-5p,AUGGCCUGUCCUUCCUCCCCCA
hsa-miR-7111-3p,CUGGGAGGAGGGAAGAGAGGAU
hsa-miR-7112-5p,CAGGGUGCACUGCCCUGCCCGU
hsa-miR-7112-3p,CUAGGGCCAAAGGCUGUGAUGCA
hsa-miR-7113-5p,CUCACACACUGUCUCCCUGGA
hsa-miR-7113-3p,CUGCAGAGAGGCGGGCAGGGAGG
hsa-miR-7114-5p,ACAGGCACCCCACUCCACAGA
hsa-miR-7114-3p,CUGGUGGAGAGGGGUGGGUCA
hsa-miR-7150,UACCUCUCCCCCUGCCAG
hsa-miR-7151-5p,GCCAAUACAGGCAGAGAUGGAUC
hsa-miR-7151-3p,UGAGCCCAUUCCAGCCUGUAG
hsa-miR-7152-5p,GGUCUGGUUGGAGGACAGGAAA
hsa-miR-7152-3p,GCCUCCUGUCCAGGACCAGA
hsa-miR-7153-5p,CCUACCACAUUUGUCAGUUCUCA
hsa-miR-7153-3p,GGUAAACCGUCCAUGGUG
hsa-miR-7154-5p,CCAAGCUAGACCCAGUUCAUGAA
hsa-miR-7154-3p,AUCCCACAACUUGUCCUCCU
hsa-miR-7155-5p,GAUGGCCCAAGACCCCAGA
hsa-miR-7155-3p,GGUCUGAGGUCUUGGGCCA
hsa-miR-7156-5p,UCUGACAGCCAGUUUGAGAACAA
hsa-miR-7156-3p,ACCAGUUCCCCAAGUGGCUGCAG
hsa-miR-7157-5p,UCUCUGGUGCCAAUGAAUGCUGA
hsa-miR-7157-3p,ACUCUUCAUCCAGUAGCACAGA
hsa-miR-7158-5p,GGCUGCAGGACCAGAGAUUGAGCC
hsa-miR-7158-3p,UGGGCCCAAUCUCUAGUUCAG
hsa-miR-7161-5p,ACCAGUUGCCUCUACAGUCUUUA
hsa-miR-7161-3p,CCUGGAGACUGCCAGAGUCAAAGAUCUA
hsa-miR-7159-5p,CCAUCCUACACCCUUGUUGAA
hsa-miR-7159-3p,CUUCCAACUAACAUAGAAA
hsa-miR-7160-5p,GGCACAGCCCGGACCUCAGCA
hsa-miR-7160-3p,UCUGCUAAAGCCAGGGCCCUG
hsa-miR-7162-5p,CAGCUGAGAAAGGAAGCA
hsa-miR-7162-3p,GCUGCUGUUCCACCUCAGA
hsa-miR-7515,GUCACCAUCUUCCCUUCU
hsa-miR-7641,GCUUAGCUUCCGAGAUCAA
hsa-miR-7702,UCAGGGAGUCUGGCAGUCUAAG
hsa-miR-7703,CCUGGGAGAAGGCCAGAGUGCAA
hsa-miR-7704,CACGUCGCCGCCGACCCCG
hsa-miR-7705,CAGAACUGACAUUCUGAGCUAUU
hsa-miR-7706,UCUCGGCAGAGCACAGGCGCUUCA
hsa-miR-7843-5p,UCAGGAAGCUGGCUCUGCCCUC
hsa-miR-7843-3p,CGUAAGGCAGAGAAGGCUUCAU
hsa-miR-4433b-5p,ACAGGAGUGGGGGUGGGACAU
hsa-miR-4433b-3p,ACGUCCCACCCCCCACUCCUG
hsa-miR-1273h-5p,ACUGCAGCCUUGACCUCCCAG
hsa-miR-1273h-3p,GCCUGGGAGGUCGAGUCUGCAG
hsa-miR-6516-5p,UGCUCACACCUGUUACUGCAAA
hsa-miR-6516-3p,UGUUUGCAGUAUCAUACAUGAU
hsa-miR-7844-5p,UACACCACACAGUCCUAGUUUU
hsa-miR-7845-5p,CCACGACCCUCCCUGUCCCUU
hsa-miR-7846-3p,CCUUCUCUCCAGGCUCCGCUG
hsa-miR-7847-3p,GCCUCCUCCUCGUCCUCCACG
hsa-miR-7848-3p,UGUGGUAAGCAGACCGAGGGUAG
hsa-miR-7849-3p,AGGCCCAAGAUCAACAAUUGUC
hsa-miR-7850-5p,CCAGCCACACUAUGUCCAAAC
hsa-miR-7851-3p,UCCAACCUCAGUCUCCCAGGUA
hsa-miR-7852-3p,AAAUGCCUUUGACUACUACAUA
hsa-miR-7853-5p,GAAGUCAGGAUCUGCAUUUGA
hsa-miR-7854-3p,UUCCCAUCUGCGGUCACCUCA
hsa-miR-7855-5p,CCGAGCUUGGGGUCCUCACCAA
hsa-miR-7856-5p,GAUCCCUCAGUGUCCUUAAAA
hsa-miR-548ba,AGCAAAAAUCACAGUUACCUUU
hsa-miR-7973,GUAAUUAUUCUAGGGUCACA
hsa-miR-7974,GGGCUCAGGAGAGCAUCACAGCCU
hsa-miR-7975,UGGUGCCGUGACUAGGAU
hsa-miR-7976,GAGCAAAAGUCUCAGGGCA
hsa-miR-7977,UGGUGCGUUGGCUGGGAA
hsa-miR-7978,UGAGCAACGCUAUACACCAGA
hsa-miR-8052,GCUCAUGCCCUCUACAGUCCCG
hsa-miR-8053,UGCCAUUGAGUUCCAAAAUCGCCA
hsa-miR-8054,ACCCAUCCGAUCUGUACUUUC
hsa-miR-8055,UCCGUCUGCUCAUGUGCUCAAAG
hsa-miR-8056,AUGCAUCCAGACAAUCCACG
hsa-miR-8057,UCCAUCUUACUACAGAGCCAC
hsa-miR-8058,UUAUGGCAAGAUCAAAGUCCAG
hsa-miR-8059,GCCUUUUCAUCUACAGUUCCCC
hsa-miR-8060,GUCCUCCUACCCACUGCUUCAUGG
hsa-miR-8061,AACAAUAUCCUCUAAUCUAAG
hsa-miR-8062,GCAAUAAUCCUCAAAUCACUG
hsa-miR-8063,AAGCCCCGACUCCUGAUUUUGA
hsa-miR-8064,GUCCGCUCGCUCAGUGUGCU
hsa-miR-8065,AGCCAAAAUUCAACUGUUCCUACA
hsa-miR-8066,UACAUCCAAAAGAUCACAUUG
hsa-miR-8067,GACUAAGUUUACAGUUUCUAGG
hsa-miR-8068,ACAACGAUCCUUACAACAAACA
hsa-miR-8069,ACGCCGACCGCCCCCAACCAUCC
hsa-miR-8070,UGGAGUCAGCCGUCAAUCACAU
hsa-miR-8071,CCACCCACUCCAGUCCACCG
hsa-miR-8072,CUGCCUACCUCCCCGCCGCC
hsa-miR-8073,ACGACGCUCCCUGCUGCCAGGU
hsa-miR-8074,GAGUACAUGCCAGUCUCGCCAUAG
hsa-miR-8075,CAGACCCGACAUCUGCCAUCAGCA
hsa-miR-8076,CAUUGUAUCAGAAAAGUCCAUAUA
hsa-miR-8077,GGAGUCAGAACCCCACUCAGCC
hsa-miR-8078,GAGUCUCUCACCGGGCCUAGACC
hsa-miR-8079,GCCAGCAGAGACGAUCACUG
hsa-miR-8080,AGCCGUUGACACCAGUGUCCUUC
hsa-miR-8081,CAUUCAGAAAGGCACGACUCAAG
hsa-miR-8082,CAGAGUAUUCCCAGCUCCAUCA
hsa-miR-8083,AGUUGCAGCCGUCAAGUCCUG
hsa-miR-8084,UACUGAUUUUUUACUUAGUAUUC
hsa-miR-8085,GCCUCACAGUCCUCUCUCCCA
hsa-miR-8086,ACCAUAUCAGUCCAGACUAGCA
hsa-miR-8087,CCCCUGUAAUCCAAGAAGUCUUC
hsa-miR-8088,UACCCCUUUCCAGUACCGAGG
hsa-miR-8089,CUGCCCCAAUCCCCUGUCCCCAGG
hsa-miR-8485,AUACGUGUGUGUGUGUGUGUG
hsa-miR-9500,GUGGUCACCAUCUUCCCUU
hsa-miR-548bb-5p,GGCAAAAACCAUAGUUACUUUU
hsa-miR-548bb-3p,GCAAAAGUAACUAUGGUUUUUG
